Nazwa dewelopera;Forma prawna dewelopera;Nr KRS;Nr wpisu do CEiDG;Nr NIP;Nr REGON;Nr telefonu;Adres poczty elektronicznej;Nr faxu;Adres strony internetowej dewelopera;Województwo adresu siedziby/głównego miejsca wykonywania działalności gospodarczej dewelopera;Powiat adresu siedziby/głównego miejsca wykonywania działalności gospodarczej dewelopera ;Gmina adresu siedziby/głównego miejsca wykonywania działalności gospodarczej dewelopera;Miejscowość adresu siedziby/głównego miejsca wykonywania działalności gospodarczej dewelopera;Ulica adresu siedziby/głównego miejsca wykonywania działalności gospodarczej dewelopera;Nr nieruchomości adresu siedziby/głównego miejsca wykonywania działalności gospodarczej dewelopera;Nr lokalu adresu siedziby/głównego miejsca wykonywania działalności gospodarczej dewelopera;Kod pocztowy adresu siedziby/głównego miejsca wykonywania działalności gospodarczej dewelopera;Województwo adresu lokalu, w którym prowadzona jest sprzedaż;Powiat adresu lokalu, w którym prowadzona jest sprzedaż;Gmina adresu lokalu, w którym prowadzona jest sprzedaż;Miejscowość adresu lokalu, w którym prowadzona jest sprzedaż;Ulica adresu lokalu, w którym prowadzona jest sprzedaż;Nr nieruchomości adresu lokalu, w którym prowadzona jest sprzedaż;Nr lokalu adresu lokalu, w którym prowadzona jest sprzedaż;Kod pocztowy adresu lokalu, w którym prowadzona jest sprzedaż;Dodatkowe lokalizacje, w których prowadzona jest sprzedaż;Sposób kontaktu nabywcy z deweloperem;Województwo lokalizacji przedsięwzięcia deweloperskiego lub zadania inwestycyjnego;Powiat lokalizacji przedsięwzięcia deweloperskiego lub zadania inwestycyjnego;Gmina lokalizacji przedsięwzięcia deweloperskiego lub zadania inwestycyjnego;Miejscowość lokalizacji przedsięwzięcia deweloperskiego lub zadania inwestycyjnego;Ulica lokalizacji przedsięwzięcia deweloperskiego lub zadania inwestycyjnego;Nr nieruchomości lokalizacji przedsięwzięcia deweloperskiego lub zadania inwestycyjnego;Kod pocztowy lokalizacji przedsięwzięcia deweloperskiego lub zadania inwestycyjnego;Rodzaj nieruchomości: lokal mieszkalny, dom jednorodzinny ;Nr lokalu lub domu jednorodzinnego nadany przez dewelopera;Cena m 2 powierzchni użytkowej lokalu mieszkalnego / domu jednorodzinnego [zł];Data od której cena obowiązuje cena m 2 powierzchni użytkowej lokalu mieszkalnego / domu jednorodzinnego;Cena lokalu mieszkalnego lub domu jednorodzinnego będących przedmiotem umowy stanowiąca iloczyn ceny m2 oraz powierzchni [zł];Data od której cena obowiązuje cena lokalu mieszkalnego lub domu jednorodzinnego będących przedmiotem umowy stanowiąca iloczyn ceny m2 oraz powierzchni;Cena lokalu mieszkalnego lub domu jednorodzinnego uwzględniająca cenę lokalu stanowiącą iloczyn powierzchni oraz metrażu i innych składowych ceny, o których mowa w art. 19a ust. 1 pkt 1), 2) lub 3) [zł];Data od której obowiązuje cena lokalu mieszkalnego lub domu jednorodzinnego uwzględniająca cenę lokalu stanowiącą iloczyn powierzchni oraz metrażu i innych składowych ceny, o których mowa w art. 19a ust. 1 pkt 1), 2) lub 3);Rodzaj części nieruchomości będących przedmiotem umowy;Oznaczenie części nieruchomości nadane przez dewelopera;Cena części nieruchomości, będących przedmiotem umowy [zł];Data od której obowiązuje cena części nieruchomości, będących przedmiotem umowy;Rodzaj pomieszczeń przynależnych, o których mowa w art. 2 ust. 4 ustawy z dnia 24 czerwca 1994 r. o własności lokali;Oznaczenie pomieszczeń przynależnych, o których mowa w art. 2 ust. 4 ustawy z dnia 24 czerwca 1994 r. o własności lokali;Wyszczególnienie cen pomieszczeń przynależnych, o których mowa w art. 2 ust. 4 ustawy z dnia 24 czerwca 1994 r. o własności lokali [zł];Data od której obowiązuje cena wyszczególnionych pomieszczeń przynależnych, o których mowa w art. 2 ust. 4 ustawy z dnia 24 czerwca 1994 r. o własności lokali;Wyszczególnienie praw niezbędnych do korzystania z lokalu mieszkalnego lub domu jednorodzinnego;Wartość praw niezbędnych do korzystania z lokalu mieszkalnego lub domu jednorodzinnego [zł];Data od której obowiązuje cena wartości praw niezbędnych do korzystania z lokalu mieszkalnego lub domu jednorodzinnego;Wyszczególnienie rodzajów innych świadczeń pieniężnych, które nabywca zobowiązany jest spełnić na rzecz dewelopera w wykonaniu umowy przenoszącej własność;Wartość innych świadczeń pieniężnych, które nabywca zobowiązany jest spełnić na rzecz dewelopera w wykonaniu umowy przenoszącej własność [zł];Data od której obowiązuje cena wartości innych świadczeń pieniężnych, które nabywca zobowiązany jest spełnić na rzecz dewelopera w wykonaniu umowy przenoszącej własność;Adres strony internetowej, pod którym dostępny jest prospekt informacyjny
TREND INWESTYCJE;Spółka cywilna;X;X;5691893901;380581092;604527865;czai333@poczta.onet.pl;X;http://apartamenty-matejki.pl/;mazowieckie;mławski;Mława;Mława;Uniszki-Cegielnia;29;X;06-500;kujawsko-pomorskie;brodnicki;Brodnica;Brodnica;ul. Wyspiańskiego;10;X;87-300;X;Telefonicznie: +48 505 893 001, +48 604 527 865, e-mail: biuro@apartamenty-matejki.pl, osobiście w biurze sprzedaży: ul. Wyspiańskiego 10, 87-300 Brodnica;kujawsko-pomorskie;brodnicki;Brodnica;Brodnica;ul. Matejki;X;87-300;Lokal mieszkalny;2;7500.00;2026-09-27 00:00:00;342525.00;2026-09-27 00:00:00;X;X;X;X;X;X;X;X;X;X;X;X;X;X;X;X;http://apartamenty-matejki.pl/prospekt-informacyjny/
TREND INWESTYCJE;Spółka cywilna;X;X;5691893901;380581092;604527865;czai333@poczta.onet.pl;X;http://apartamenty-matejki.pl/;mazowieckie;mławski;Mława;Mława;Uniszki-Cegielnia;29;X;06-500;kujawsko-pomorskie;brodnicki;Brodnica;Brodnica;ul. Wyspiańskiego;10;X;87-300;X;Telefonicznie: +48 505 893 001, +48 604 527 865, e-mail: biuro@apartamenty-matejki.pl, osobiście w biurze sprzedaży: ul. Wyspiańskiego 10, 87-300 Brodnica;kujawsko-pomorskie;brodnicki;Brodnica;Brodnica;ul. Matejki;X;87-300;Lokal mieszkalny;3;7500.00;2026-09-27 00:00:00;449100.00;2026-09-27 00:00:00;X;X;X;X;X;X;X;X;X;X;X;X;X;X;X;X;http://apartamenty-matejki.pl/prospekt-informacyjny/
TREND INWESTYCJE;Spółka cywilna;X;X;5691893901;380581092;604527865;czai333@poczta.onet.pl;X;http://apartamenty-matejki.pl/;mazowieckie;mławski;Mława;Mława;Uniszki-Cegielnia;29;X;06-500;kujawsko-pomorskie;brodnicki;Brodnica;Brodnica;ul. Wyspiańskiego;10;X;87-300;X;Telefonicznie: +48 505 893 001, +48 604 527 865, e-mail: biuro@apartamenty-matejki.pl, osobiście w biurze sprzedaży: ul. Wyspiańskiego 10, 87-300 Brodnica;kujawsko-pomorskie;brodnicki;Brodnica;Brodnica;ul. Matejki;X;87-300;Lokal mieszkalny;4;7500.00;2026-09-27 00:00:00;361800.00;2026-09-27 00:00:00;X;X;X;X;X;X;X;X;X;X;X;X;X;X;X;X;http://apartamenty-matejki.pl/prospekt-informacyjny/
TREND INWESTYCJE;Spółka cywilna;X;X;5691893901;380581092;604527865;czai333@poczta.onet.pl;X;http://apartamenty-matejki.pl/;mazowieckie;mławski;Mława;Mława;Uniszki-Cegielnia;29;X;06-500;kujawsko-pomorskie;brodnicki;Brodnica;Brodnica;ul. Wyspiańskiego;10;X;87-300;X;Telefonicznie: +48 505 893 001, +48 604 527 865, e-mail: biuro@apartamenty-matejki.pl, osobiście w biurze sprzedaży: ul. Wyspiańskiego 10, 87-300 Brodnica;kujawsko-pomorskie;brodnicki;Brodnica;Brodnica;ul. Matejki;X;87-300;Lokal mieszkalny;6;7500.00;2026-09-27 00:00:00;455250.00;2026-09-27 00:00:00;X;X;X;X;X;X;X;X;X;X;X;X;X;X;X;X;http://apartamenty-matejki.pl/prospekt-informacyjny/
TREND INWESTYCJE;Spółka cywilna;X;X;5691893901;380581092;604527865;czai333@poczta.onet.pl;X;http://apartamenty-matejki.pl/;mazowieckie;mławski;Mława;Mława;Uniszki-Cegielnia;29;X;06-500;kujawsko-pomorskie;brodnicki;Brodnica;Brodnica;ul. Wyspiańskiego;10;X;87-300;X;Telefonicznie: +48 505 893 001, +48 604 527 865, e-mail: biuro@apartamenty-matejki.pl, osobiście w biurze sprzedaży: ul. Wyspiańskiego 10, 87-300 Brodnica;kujawsko-pomorskie;brodnicki;Brodnica;Brodnica;ul. Matejki;X;87-300;Lokal mieszkalny;7;7500.00;2026-09-27 00:00:00;488925.00;2026-09-27 00:00:00;X;X;X;X;X;X;X;X;X;X;X;X;X;X;X;X;http://apartamenty-matejki.pl/prospekt-informacyjny/
TREND INWESTYCJE;Spółka cywilna;X;X;5691893901;380581092;604527865;czai333@poczta.onet.pl;X;http://apartamenty-matejki.pl/;mazowieckie;mławski;Mława;Mława;Uniszki-Cegielnia;29;X;06-500;kujawsko-pomorskie;brodnicki;Brodnica;Brodnica;ul. Wyspiańskiego;10;X;87-300;X;Telefonicznie: +48 505 893 001, +48 604 527 865, e-mail: biuro@apartamenty-matejki.pl, osobiście w biurze sprzedaży: ul. Wyspiańskiego 10, 87-300 Brodnica;kujawsko-pomorskie;brodnicki;Brodnica;Brodnica;ul. Matejki;X;87-300;Lokal mieszkalny;8;7500.00;2026-09-27 00:00:00;390900.00;2026-09-27 00:00:00;X;X;X;X;X;X;X;X;X;X;X;X;X;X;X;X;http://apartamenty-matejki.pl/prospekt-informacyjny/
TREND INWESTYCJE;Spółka cywilna;X;X;5691893901;380581092;604527865;czai333@poczta.onet.pl;X;http://apartamenty-matejki.pl/;mazowieckie;mławski;Mława;Mława;Uniszki-Cegielnia;29;X;06-500;kujawsko-pomorskie;brodnicki;Brodnica;Brodnica;ul. Wyspiańskiego;10;X;87-300;X;Telefonicznie: +48 505 893 001, +48 604 527 865, e-mail: biuro@apartamenty-matejki.pl, osobiście w biurze sprzedaży: ul. Wyspiańskiego 10, 87-300 Brodnica;kujawsko-pomorskie;brodnicki;Brodnica;Brodnica;ul. Matejki;X;87-300;Lokal mieszkalny;9;7500.00;2026-09-27 00:00:00;361800.00;2026-09-27 00:00:00;X;X;X;X;X;X;X;X;X;X;X;X;X;X;X;X;http://apartamenty-matejki.pl/prospekt-informacyjny/
TREND INWESTYCJE;Spółka cywilna;X;X;5691893901;380581092;604527865;czai333@poczta.onet.pl;X;http://apartamenty-matejki.pl/;mazowieckie;mławski;Mława;Mława;Uniszki-Cegielnia;29;X;06-500;kujawsko-pomorskie;brodnicki;Brodnica;Brodnica;ul. Wyspiańskiego;10;X;87-300;X;Telefonicznie: +48 505 893 001, +48 604 527 865, e-mail: biuro@apartamenty-matejki.pl, osobiście w biurze sprzedaży: ul. Wyspiańskiego 10, 87-300 Brodnica;kujawsko-pomorskie;brodnicki;Brodnica;Brodnica;ul. Matejki;X;87-300;Lokal mieszkalny;10;7500.00;2026-09-27 00:00:00;361800.00;2026-09-27 00:00:00;X;X;X;X;X;X;X;X;X;X;X;X;X;X;X;X;http://apartamenty-matejki.pl/prospekt-informacyjny/
TREND INWESTYCJE;Spółka cywilna;X;X;5691893901;380581092;604527865;czai333@poczta.onet.pl;X;http://apartamenty-matejki.pl/;mazowieckie;mławski;Mława;Mława;Uniszki-Cegielnia;29;X;06-500;kujawsko-pomorskie;brodnicki;Brodnica;Brodnica;ul. Wyspiańskiego;10;X;87-300;X;Telefonicznie: +48 505 893 001, +48 604 527 865, e-mail: biuro@apartamenty-matejki.pl, osobiście w biurze sprzedaży: ul. Wyspiańskiego 10, 87-300 Brodnica;kujawsko-pomorskie;brodnicki;Brodnica;Brodnica;ul. Matejki;X;87-300;Lokal mieszkalny;11;6900.00;2025-09-11 00:00:00;332856.00;2025-09-11 00:00:00;X;X;X;X;X;X;X;X;X;X;X;X;X;X;X;X;http://apartamenty-matejki.pl/prospekt-informacyjny/
TREND INWESTYCJE;Spółka cywilna;X;X;5691893901;380581092;604527865;czai333@poczta.onet.pl;X;http://apartamenty-matejki.pl/;mazowieckie;mławski;Mława;Mława;Uniszki-Cegielnia;29;X;06-500;kujawsko-pomorskie;brodnicki;Brodnica;Brodnica;ul. Wyspiańskiego;10;X;87-300;X;Telefonicznie: +48 505 893 001, +48 604 527 865, e-mail: biuro@apartamenty-matejki.pl, osobiście w biurze sprzedaży: ul. Wyspiańskiego 10, 87-300 Brodnica;kujawsko-pomorskie;brodnicki;Brodnica;Brodnica;ul. Matejki;X;87-300;Lokal mieszkalny;12;7500.00;2026-09-27 00:00:00;477825.00;2026-09-27 00:00:00;X;X;X;X;X;X;X;X;X;X;X;X;X;X;X;X;http://apartamenty-matejki.pl/prospekt-informacyjny/
TREND INWESTYCJE;Spółka cywilna;X;X;5691893901;380581092;604527865;czai333@poczta.onet.pl;X;http://apartamenty-matejki.pl/;mazowieckie;mławski;Mława;Mława;Uniszki-Cegielnia;29;X;06-500;kujawsko-pomorskie;brodnicki;Brodnica;Brodnica;ul. Wyspiańskiego;10;X;87-300;X;Telefonicznie: +48 505 893 001, +48 604 527 865, e-mail: biuro@apartamenty-matejki.pl, osobiście w biurze sprzedaży: ul. Wyspiańskiego 10, 87-300 Brodnica;kujawsko-pomorskie;brodnicki;Brodnica;Brodnica;ul. Matejki;X;87-300;Lokal mieszkalny;14;7500.00;2026-09-27 00:00:00;426075.00;2026-09-27 00:00:00;X;X;X;X;X;X;X;X;X;X;X;X;X;X;X;X;http://apartamenty-matejki.pl/prospekt-informacyjny/
TREND INWESTYCJE;Spółka cywilna;X;X;5691893901;380581092;604527865;czai333@poczta.onet.pl;X;http://apartamenty-matejki.pl/;mazowieckie;mławski;Mława;Mława;Uniszki-Cegielnia;29;X;06-500;kujawsko-pomorskie;brodnicki;Brodnica;Brodnica;ul. Wyspiańskiego;10;X;87-300;X;Telefonicznie: +48 505 893 001, +48 604 527 865, e-mail: biuro@apartamenty-matejki.pl, osobiście w biurze sprzedaży: ul. Wyspiańskiego 10, 87-300 Brodnica;kujawsko-pomorskie;brodnicki;Brodnica;Brodnica;ul. Matejki;X;87-300;Lokal mieszkalny;17;6500.00;2026-04-02 00:00:00;389220.00;2026-04-02 00:00:00;X;X;X;X;X;X;X;X;X;X;X;X;X;X;X;X;http://apartamenty-matejki.pl/prospekt-informacyjny/
TREND INWESTYCJE;Spółka cywilna;X;X;5691893901;380581092;604527865;czai333@poczta.onet.pl;X;http://apartamenty-matejki.pl/;mazowieckie;mławski;Mława;Mława;Uniszki-Cegielnia;29;X;06-500;kujawsko-pomorskie;brodnicki;Brodnica;Brodnica;ul. Wyspiańskiego;10;X;87-300;X;Telefonicznie: +48 505 893 001, +48 604 527 865, e-mail: biuro@apartamenty-matejki.pl, osobiście w biurze sprzedaży: ul. Wyspiańskiego 10, 87-300 Brodnica;kujawsko-pomorskie;brodnicki;Brodnica;Brodnica;ul. Matejki;X;87-300;Lokal mieszkalny;19;6500.00;2026-04-02 00:00:00;313560.00;2026-04-02 00:00:00;X;X;X;X;X;X;X;X;X;X;X;X;X;X;X;X;http://apartamenty-matejki.pl/prospekt-informacyjny/
TREND INWESTYCJE;Spółka cywilna;X;X;5691893901;380581092;604527865;czai333@poczta.onet.pl;X;http://apartamenty-matejki.pl/;mazowieckie;mławski;Mława;Mława;Uniszki-Cegielnia;29;X;06-500;kujawsko-pomorskie;brodnicki;Brodnica;Brodnica;ul. Wyspiańskiego;10;X;87-300;X;Telefonicznie: +48 505 893 001, +48 604 527 865, e-mail: biuro@apartamenty-matejki.pl, osobiście w biurze sprzedaży: ul. Wyspiańskiego 10, 87-300 Brodnica;kujawsko-pomorskie;brodnicki;Brodnica;Brodnica;ul. Matejki;X;87-300;Lokal mieszkalny;20;6500.00;2026-04-02 00:00:00;394550.00;2026-04-02 00:00:00;X;X;X;X;X;X;X;X;X;X;X;X;X;X;X;X;http://apartamenty-matejki.pl/prospekt-informacyjny/
TREND INWESTYCJE;Spółka cywilna;X;X;5691893901;380581092;604527865;czai333@poczta.onet.pl;X;http://apartamenty-matejki.pl/;mazowieckie;mławski;Mława;Mława;Uniszki-Cegielnia;29;X;06-500;kujawsko-pomorskie;brodnicki;Brodnica;Brodnica;ul. Wyspiańskiego;10;X;87-300;X;Telefonicznie: +48 505 893 001, +48 604 527 865, e-mail: biuro@apartamenty-matejki.pl, osobiście w biurze sprzedaży: ul. Wyspiańskiego 10, 87-300 Brodnica;kujawsko-pomorskie;brodnicki;Brodnica;Brodnica;ul. Matejki;X;87-300;Lokal mieszkalny;21;6500.00;2026-04-02 00:00:00;423735.00;2026-04-02 00:00:00;X;X;X;X;X;X;X;X;X;X;X;X;X;X;X;X;http://apartamenty-matejki.pl/prospekt-informacyjny/
TREND INWESTYCJE;Spółka cywilna;X;X;5691893901;380581092;604527865;czai333@poczta.onet.pl;X;http://apartamenty-matejki.pl/;mazowieckie;mławski;Mława;Mława;Uniszki-Cegielnia;29;X;06-500;kujawsko-pomorskie;brodnicki;Brodnica;Brodnica;ul. Wyspiańskiego;10;X;87-300;X;Telefonicznie: +48 505 893 001, +48 604 527 865, e-mail: biuro@apartamenty-matejki.pl, osobiście w biurze sprzedaży: ul. Wyspiańskiego 10, 87-300 Brodnica;kujawsko-pomorskie;brodnicki;Brodnica;Brodnica;ul. Matejki;X;87-300;Lokal mieszkalny;31;6500.00;2026-04-02 00:00:00;389220.00;2026-04-02 00:00:00;X;X;X;X;X;X;X;X;X;X;X;X;X;X;X;X;http://apartamenty-matejki.pl/prospekt-informacyjny/
TREND INWESTYCJE;Spółka cywilna;X;X;5691893901;380581092;604527865;czai333@poczta.onet.pl;X;http://apartamenty-matejki.pl/;mazowieckie;mławski;Mława;Mława;Uniszki-Cegielnia;29;X;06-500;kujawsko-pomorskie;brodnicki;Brodnica;Brodnica;ul. Wyspiańskiego;10;X;87-300;X;Telefonicznie: +48 505 893 001, +48 604 527 865, e-mail: biuro@apartamenty-matejki.pl, osobiście w biurze sprzedaży: ul. Wyspiańskiego 10, 87-300 Brodnica;kujawsko-pomorskie;brodnicki;Brodnica;Brodnica;ul. Matejki;X;87-300;Lokal mieszkalny;32;5990.00;2025-09-11 00:00:00;288957.60;2025-09-11 00:00:00;X;X;X;X;X;X;X;X;X;X;X;X;X;X;X;X;http://apartamenty-matejki.pl/prospekt-informacyjny/
TREND INWESTYCJE;Spółka cywilna;X;X;5691893901;380581092;604527865;czai333@poczta.onet.pl;X;http://apartamenty-matejki.pl/;mazowieckie;mławski;Mława;Mława;Uniszki-Cegielnia;29;X;06-500;kujawsko-pomorskie;brodnicki;Brodnica;Brodnica;ul. Wyspiańskiego;10;X;87-300;X;Telefonicznie: +48 505 893 001, +48 604 527 865, e-mail: biuro@apartamenty-matejki.pl, osobiście w biurze sprzedaży: ul. Wyspiańskiego 10, 87-300 Brodnica;kujawsko-pomorskie;brodnicki;Brodnica;Brodnica;ul. Matejki;X;87-300;Lokal mieszkalny;34;6500.00;2026-04-02 00:00:00;394550.00;2026-04-02 00:00:00;X;X;X;X;X;X;X;X;X;X;X;X;X;X;X;X;http://apartamenty-matejki.pl/prospekt-informacyjny/
TREND INWESTYCJE;Spółka cywilna;X;X;5691893901;380581092;604527865;czai333@poczta.onet.pl;X;http://apartamenty-matejki.pl/;mazowieckie;mławski;Mława;Mława;Uniszki-Cegielnia;29;X;06-500;kujawsko-pomorskie;brodnicki;Brodnica;Brodnica;ul. Wyspiańskiego;10;X;87-300;X;Telefonicznie: +48 505 893 001, +48 604 527 865, e-mail: biuro@apartamenty-matejki.pl, osobiście w biurze sprzedaży: ul. Wyspiańskiego 10, 87-300 Brodnica;kujawsko-pomorskie;brodnicki;Brodnica;Brodnica;ul. Matejki;X;87-300;Lokal mieszkalny;42;6500.00;2026-09-27 00:00:00;369265.00;2026-09-27 00:00:00;X;X;X;X;X;X;X;X;X;X;X;X;X;X;X;X;http://apartamenty-matejki.pl/prospekt-informacyjny/
TREND INWESTYCJE;Spółka cywilna;X;X;5691893901;380581092;604527865;czai333@poczta.onet.pl;X;http://apartamenty-matejki.pl/;mazowieckie;mławski;Mława;Mława;Uniszki-Cegielnia;29;X;06-500;kujawsko-pomorskie;brodnicki;Brodnica;Brodnica;ul. Wyspiańskiego;10;X;87-300;X;Telefonicznie: +48 505 893 001, +48 604 527 865, e-mail: biuro@apartamenty-matejki.pl, osobiście w biurze sprzedaży: ul. Wyspiańskiego 10, 87-300 Brodnica;kujawsko-pomorskie;brodnicki;Brodnica;Brodnica;ul. Matejki;X;87-300;Lokal mieszkalny;44;5990.00;2025-09-11 00:00:00;273563.30;2025-09-11 00:00:00;X;X;X;X;X;X;X;X;X;X;X;X;X;X;X;X;http://apartamenty-matejki.pl/prospekt-informacyjny/
TREND INWESTYCJE;Spółka cywilna;X;X;5691893901;380581092;604527865;czai333@poczta.onet.pl;X;http://apartamenty-matejki.pl/;mazowieckie;mławski;Mława;Mława;Uniszki-Cegielnia;29;X;06-500;kujawsko-pomorskie;brodnicki;Brodnica;Brodnica;ul. Wyspiańskiego;10;X;87-300;X;Telefonicznie: +48 505 893 001, +48 604 527 865, e-mail: biuro@apartamenty-matejki.pl, osobiście w biurze sprzedaży: ul. Wyspiańskiego 10, 87-300 Brodnica;kujawsko-pomorskie;brodnicki;Brodnica;Brodnica;ul. Matejki;X;87-300;Lokal mieszkalny;45;6500.00;2026-04-02 00:00:00;389220.00;2026-04-02 00:00:00;X;X;X;X;X;X;X;X;X;X;X;X;X;X;X;X;http://apartamenty-matejki.pl/prospekt-informacyjny/
TREND INWESTYCJE;Spółka cywilna;X;X;5691893901;380581092;604527865;czai333@poczta.onet.pl;X;http://apartamenty-matejki.pl/;mazowieckie;mławski;Mława;Mława;Uniszki-Cegielnia;29;X;06-500;kujawsko-pomorskie;brodnicki;Brodnica;Brodnica;ul. Wyspiańskiego;10;X;87-300;X;Telefonicznie: +48 505 893 001, +48 604 527 865, e-mail: biuro@apartamenty-matejki.pl, osobiście w biurze sprzedaży: ul. Wyspiańskiego 10, 87-300 Brodnica;kujawsko-pomorskie;brodnicki;Brodnica;Brodnica;ul. Matejki;X;87-300;Lokal mieszkalny;46;6500.00;2026-04-02 00:00:00;313560.00;2026-04-02 00:00:00;X;X;X;X;X;X;X;X;X;X;X;X;X;X;X;X;http://apartamenty-matejki.pl/prospekt-informacyjny/
TREND INWESTYCJE;Spółka cywilna;X;X;5691893901;380581092;604527865;czai333@poczta.onet.pl;X;http://apartamenty-matejki.pl/;mazowieckie;mławski;Mława;Mława;Uniszki-Cegielnia;29;X;06-500;kujawsko-pomorskie;brodnicki;Brodnica;Brodnica;ul. Wyspiańskiego;10;X;87-300;X;Telefonicznie: +48 505 893 001, +48 604 527 865, e-mail: biuro@apartamenty-matejki.pl, osobiście w biurze sprzedaży: ul. Wyspiańskiego 10, 87-300 Brodnica;kujawsko-pomorskie;brodnicki;Brodnica;Brodnica;ul. Matejki;X;87-300;Lokal mieszkalny;48;6500.00;2026-04-02 00:00:00;394550.00;2026-04-02 00:00:00;X;X;X;X;X;X;X;X;X;X;X;X;X;X;X;X;http://apartamenty-matejki.pl/prospekt-informacyjny/
TREND INWESTYCJE;Spółka cywilna;X;X;5691893901;380581092;604527865;czai333@poczta.onet.pl;X;http://apartamenty-matejki.pl/;mazowieckie;mławski;Mława;Mława;Uniszki-Cegielnia;29;X;06-500;kujawsko-pomorskie;brodnicki;Brodnica;Brodnica;ul. Wyspiańskiego;10;X;87-300;X;Telefonicznie: +48 505 893 001, +48 604 527 865, e-mail: biuro@apartamenty-matejki.pl, osobiście w biurze sprzedaży: ul. Wyspiańskiego 10, 87-300 Brodnica;kujawsko-pomorskie;brodnicki;Brodnica;Brodnica;ul. Matejki;X;87-300;Lokal mieszkalny;51;6500.00;2026-04-02 00:00:00;313560.00;2026-04-02 00:00:00;X;X;X;X;X;X;X;X;X;X;X;X;X;X;X;X;http://apartamenty-matejki.pl/prospekt-informacyjny/
TREND INWESTYCJE;Spółka cywilna;X;X;5691893901;380581092;604527865;czai333@poczta.onet.pl;X;http://apartamenty-matejki.pl/;mazowieckie;mławski;Mława;Mława;Uniszki-Cegielnia;29;X;06-500;kujawsko-pomorskie;brodnicki;Brodnica;Brodnica;ul. Wyspiańskiego;10;X;87-300;X;Telefonicznie: +48 505 893 001, +48 604 527 865, e-mail: biuro@apartamenty-matejki.pl, osobiście w biurze sprzedaży: ul. Wyspiańskiego 10, 87-300 Brodnica;kujawsko-pomorskie;brodnicki;Brodnica;Brodnica;ul. Matejki;X;87-300;Lokal mieszkalny;52;6500.00;2026-09-27 00:00:00;313560.00;2026-09-27 00:00:00;X;X;X;X;X;X;X;X;X;X;X;X;X;X;X;X;http://apartamenty-matejki.pl/prospekt-informacyjny/
TREND INWESTYCJE;Spółka cywilna;X;X;5691893901;380581092;604527865;czai333@poczta.onet.pl;X;http://apartamenty-matejki.pl/;mazowieckie;mławski;Mława;Mława;Uniszki-Cegielnia;29;X;06-500;kujawsko-pomorskie;brodnicki;Brodnica;Brodnica;ul. Wyspiańskiego;10;X;87-300;X;Telefonicznie: +48 505 893 001, +48 604 527 865, e-mail: biuro@apartamenty-matejki.pl, osobiście w biurze sprzedaży: ul. Wyspiańskiego 10, 87-300 Brodnica;kujawsko-pomorskie;brodnicki;Brodnica;Brodnica;ul. Matejki;X;87-300;Lokal mieszkalny;56;6500.00;2026-04-02 00:00:00;369265.00;2026-04-02 00:00:00;X;X;X;X;X;X;X;X;X;X;X;X;X;X;X;X;http://apartamenty-matejki.pl/prospekt-informacyjny/
TREND INWESTYCJE;Spółka cywilna;X;X;5691893901;380581092;604527865;czai333@poczta.onet.pl;X;http://apartamenty-matejki.pl/;mazowieckie;mławski;Mława;Mława;Uniszki-Cegielnia;29;X;06-500;kujawsko-pomorskie;brodnicki;Brodnica;Brodnica;ul. Wyspiańskiego;10;X;87-300;X;Telefonicznie: +48 505 893 001, +48 604 527 865, e-mail: biuro@apartamenty-matejki.pl, osobiście w biurze sprzedaży: ul. Wyspiańskiego 10, 87-300 Brodnica;kujawsko-pomorskie;brodnicki;Brodnica;Brodnica;ul. Matejki;X;87-300;X;X;X;X;X;X;X;X;Miejsce postojowe;2;50000.00;2025-09-11 00:00:00;X;X;X;X;X;X;X;X;X;X;http://apartamenty-matejki.pl/prospekt-informacyjny/
TREND INWESTYCJE;Spółka cywilna;X;X;5691893901;380581092;604527865;czai333@poczta.onet.pl;X;http://apartamenty-matejki.pl/;mazowieckie;mławski;Mława;Mława;Uniszki-Cegielnia;29;X;06-500;kujawsko-pomorskie;brodnicki;Brodnica;Brodnica;ul. Wyspiańskiego;10;X;87-300;X;Telefonicznie: +48 505 893 001, +48 604 527 865, e-mail: biuro@apartamenty-matejki.pl, osobiście w biurze sprzedaży: ul. Wyspiańskiego 10, 87-300 Brodnica;kujawsko-pomorskie;brodnicki;Brodnica;Brodnica;ul. Matejki;X;87-300;X;X;X;X;X;X;X;X;Miejsce postojowe;3;50000.00;2025-09-11 00:00:00;X;X;X;X;X;X;X;X;X;X;http://apartamenty-matejki.pl/prospekt-informacyjny/
TREND INWESTYCJE;Spółka cywilna;X;X;5691893901;380581092;604527865;czai333@poczta.onet.pl;X;http://apartamenty-matejki.pl/;mazowieckie;mławski;Mława;Mława;Uniszki-Cegielnia;29;X;06-500;kujawsko-pomorskie;brodnicki;Brodnica;Brodnica;ul. Wyspiańskiego;10;X;87-300;X;Telefonicznie: +48 505 893 001, +48 604 527 865, e-mail: biuro@apartamenty-matejki.pl, osobiście w biurze sprzedaży: ul. Wyspiańskiego 10, 87-300 Brodnica;kujawsko-pomorskie;brodnicki;Brodnica;Brodnica;ul. Matejki;X;87-300;X;X;X;X;X;X;X;X;Miejsce postojowe;4;50000.00;2025-09-11 00:00:00;X;X;X;X;X;X;X;X;X;X;http://apartamenty-matejki.pl/prospekt-informacyjny/
TREND INWESTYCJE;Spółka cywilna;X;X;5691893901;380581092;604527865;czai333@poczta.onet.pl;X;http://apartamenty-matejki.pl/;mazowieckie;mławski;Mława;Mława;Uniszki-Cegielnia;29;X;06-500;kujawsko-pomorskie;brodnicki;Brodnica;Brodnica;ul. Wyspiańskiego;10;X;87-300;X;Telefonicznie: +48 505 893 001, +48 604 527 865, e-mail: biuro@apartamenty-matejki.pl, osobiście w biurze sprzedaży: ul. Wyspiańskiego 10, 87-300 Brodnica;kujawsko-pomorskie;brodnicki;Brodnica;Brodnica;ul. Matejki;X;87-300;X;X;X;X;X;X;X;X;Miejsce postojowe;6;50000.00;2025-09-11 00:00:00;X;X;X;X;X;X;X;X;X;X;http://apartamenty-matejki.pl/prospekt-informacyjny/
TREND INWESTYCJE;Spółka cywilna;X;X;5691893901;380581092;604527865;czai333@poczta.onet.pl;X;http://apartamenty-matejki.pl/;mazowieckie;mławski;Mława;Mława;Uniszki-Cegielnia;29;X;06-500;kujawsko-pomorskie;brodnicki;Brodnica;Brodnica;ul. Wyspiańskiego;10;X;87-300;X;Telefonicznie: +48 505 893 001, +48 604 527 865, e-mail: biuro@apartamenty-matejki.pl, osobiście w biurze sprzedaży: ul. Wyspiańskiego 10, 87-300 Brodnica;kujawsko-pomorskie;brodnicki;Brodnica;Brodnica;ul. Matejki;X;87-300;X;X;X;X;X;X;X;X;Miejsce postojowe;7;50000.00;2025-09-11 00:00:00;X;X;X;X;X;X;X;X;X;X;http://apartamenty-matejki.pl/prospekt-informacyjny/
TREND INWESTYCJE;Spółka cywilna;X;X;5691893901;380581092;604527865;czai333@poczta.onet.pl;X;http://apartamenty-matejki.pl/;mazowieckie;mławski;Mława;Mława;Uniszki-Cegielnia;29;X;06-500;kujawsko-pomorskie;brodnicki;Brodnica;Brodnica;ul. Wyspiańskiego;10;X;87-300;X;Telefonicznie: +48 505 893 001, +48 604 527 865, e-mail: biuro@apartamenty-matejki.pl, osobiście w biurze sprzedaży: ul. Wyspiańskiego 10, 87-300 Brodnica;kujawsko-pomorskie;brodnicki;Brodnica;Brodnica;ul. Matejki;X;87-300;X;X;X;X;X;X;X;X;Miejsce postojowe;8;50000.00;2025-09-11 00:00:00;X;X;X;X;X;X;X;X;X;X;http://apartamenty-matejki.pl/prospekt-informacyjny/
TREND INWESTYCJE;Spółka cywilna;X;X;5691893901;380581092;604527865;czai333@poczta.onet.pl;X;http://apartamenty-matejki.pl/;mazowieckie;mławski;Mława;Mława;Uniszki-Cegielnia;29;X;06-500;kujawsko-pomorskie;brodnicki;Brodnica;Brodnica;ul. Wyspiańskiego;10;X;87-300;X;Telefonicznie: +48 505 893 001, +48 604 527 865, e-mail: biuro@apartamenty-matejki.pl, osobiście w biurze sprzedaży: ul. Wyspiańskiego 10, 87-300 Brodnica;kujawsko-pomorskie;brodnicki;Brodnica;Brodnica;ul. Matejki;X;87-300;X;X;X;X;X;X;X;X;Miejsce postojowe;20;50000.00;2025-09-11 00:00:00;X;X;X;X;X;X;X;X;X;X;http://apartamenty-matejki.pl/prospekt-informacyjny/
TREND INWESTYCJE;Spółka cywilna;X;X;5691893901;380581092;604527865;czai333@poczta.onet.pl;X;http://apartamenty-matejki.pl/;mazowieckie;mławski;Mława;Mława;Uniszki-Cegielnia;29;X;06-500;kujawsko-pomorskie;brodnicki;Brodnica;Brodnica;ul. Wyspiańskiego;10;X;87-300;X;Telefonicznie: +48 505 893 001, +48 604 527 865, e-mail: biuro@apartamenty-matejki.pl, osobiście w biurze sprzedaży: ul. Wyspiańskiego 10, 87-300 Brodnica;kujawsko-pomorskie;brodnicki;Brodnica;Brodnica;ul. Matejki;X;87-300;X;X;X;X;X;X;X;X;Miejsce postojowe;21;50000.00;2025-09-11 00:00:00;X;X;X;X;X;X;X;X;X;X;http://apartamenty-matejki.pl/prospekt-informacyjny/
TREND INWESTYCJE;Spółka cywilna;X;X;5691893901;380581092;604527865;czai333@poczta.onet.pl;X;http://apartamenty-matejki.pl/;mazowieckie;mławski;Mława;Mława;Uniszki-Cegielnia;29;X;06-500;kujawsko-pomorskie;brodnicki;Brodnica;Brodnica;ul. Wyspiańskiego;10;X;87-300;X;Telefonicznie: +48 505 893 001, +48 604 527 865, e-mail: biuro@apartamenty-matejki.pl, osobiście w biurze sprzedaży: ul. Wyspiańskiego 10, 87-300 Brodnica;kujawsko-pomorskie;brodnicki;Brodnica;Brodnica;ul. Matejki;X;87-300;X;X;X;X;X;X;X;X;Miejsce postojowe;24;50000.00;2025-09-11 00:00:00;X;X;X;X;X;X;X;X;X;X;http://apartamenty-matejki.pl/prospekt-informacyjny/
TREND INWESTYCJE;Spółka cywilna;X;X;5691893901;380581092;604527865;czai333@poczta.onet.pl;X;http://apartamenty-matejki.pl/;mazowieckie;mławski;Mława;Mława;Uniszki-Cegielnia;29;X;06-500;kujawsko-pomorskie;brodnicki;Brodnica;Brodnica;ul. Wyspiańskiego;10;X;87-300;X;Telefonicznie: +48 505 893 001, +48 604 527 865, e-mail: biuro@apartamenty-matejki.pl, osobiście w biurze sprzedaży: ul. Wyspiańskiego 10, 87-300 Brodnica;kujawsko-pomorskie;brodnicki;Brodnica;Brodnica;ul. Matejki;X;87-300;X;X;X;X;X;X;X;X;Miejsce postojowe;25;50000.00;2025-09-11 00:00:00;X;X;X;X;X;X;X;X;X;X;http://apartamenty-matejki.pl/prospekt-informacyjny/
TREND INWESTYCJE;Spółka cywilna;X;X;5691893901;380581092;604527865;czai333@poczta.onet.pl;X;http://apartamenty-matejki.pl/;mazowieckie;mławski;Mława;Mława;Uniszki-Cegielnia;29;X;06-500;kujawsko-pomorskie;brodnicki;Brodnica;Brodnica;ul. Wyspiańskiego;10;X;87-300;X;Telefonicznie: +48 505 893 001, +48 604 527 865, e-mail: biuro@apartamenty-matejki.pl, osobiście w biurze sprzedaży: ul. Wyspiańskiego 10, 87-300 Brodnica;kujawsko-pomorskie;brodnicki;Brodnica;Brodnica;ul. Matejki;X;87-300;X;X;X;X;X;X;X;X;Miejsce postojowe;27;50000.00;2025-09-11 00:00:00;X;X;X;X;X;X;X;X;X;X;http://apartamenty-matejki.pl/prospekt-informacyjny/
TREND INWESTYCJE;Spółka cywilna;X;X;5691893901;380581092;604527865;czai333@poczta.onet.pl;X;http://apartamenty-matejki.pl/;mazowieckie;mławski;Mława;Mława;Uniszki-Cegielnia;29;X;06-500;kujawsko-pomorskie;brodnicki;Brodnica;Brodnica;ul. Wyspiańskiego;10;X;87-300;X;Telefonicznie: +48 505 893 001, +48 604 527 865, e-mail: biuro@apartamenty-matejki.pl, osobiście w biurze sprzedaży: ul. Wyspiańskiego 10, 87-300 Brodnica;kujawsko-pomorskie;brodnicki;Brodnica;Brodnica;ul. Matejki;X;87-300;X;X;X;X;X;X;X;X;Miejsce postojowe;28;50000.00;2025-09-11 00:00:00;X;X;X;X;X;X;X;X;X;X;http://apartamenty-matejki.pl/prospekt-informacyjny/
TREND INWESTYCJE;Spółka cywilna;X;X;5691893901;380581092;604527865;czai333@poczta.onet.pl;X;http://apartamenty-matejki.pl/;mazowieckie;mławski;Mława;Mława;Uniszki-Cegielnia;29;X;06-500;kujawsko-pomorskie;brodnicki;Brodnica;Brodnica;ul. Wyspiańskiego;10;X;87-300;X;Telefonicznie: +48 505 893 001, +48 604 527 865, e-mail: biuro@apartamenty-matejki.pl, osobiście w biurze sprzedaży: ul. Wyspiańskiego 10, 87-300 Brodnica;kujawsko-pomorskie;brodnicki;Brodnica;Brodnica;ul. Matejki;X;87-300;X;X;X;X;X;X;X;X;Miejsce postojowe;29;50000.00;2025-09-11 00:00:00;X;X;X;X;X;X;X;X;X;X;http://apartamenty-matejki.pl/prospekt-informacyjny/
TREND INWESTYCJE;Spółka cywilna;X;X;5691893901;380581092;604527865;czai333@poczta.onet.pl;X;http://apartamenty-matejki.pl/;mazowieckie;mławski;Mława;Mława;Uniszki-Cegielnia;29;X;06-500;kujawsko-pomorskie;brodnicki;Brodnica;Brodnica;ul. Wyspiańskiego;10;X;87-300;X;Telefonicznie: +48 505 893 001, +48 604 527 865, e-mail: biuro@apartamenty-matejki.pl, osobiście w biurze sprzedaży: ul. Wyspiańskiego 10, 87-300 Brodnica;kujawsko-pomorskie;brodnicki;Brodnica;Brodnica;ul. Matejki;X;87-300;X;X;X;X;X;X;X;X;Miejsce postojowe;30;50000.00;2025-09-11 00:00:00;X;X;X;X;X;X;X;X;X;X;http://apartamenty-matejki.pl/prospekt-informacyjny/
TREND INWESTYCJE;Spółka cywilna;X;X;5691893901;380581092;604527865;czai333@poczta.onet.pl;X;http://apartamenty-matejki.pl/;mazowieckie;mławski;Mława;Mława;Uniszki-Cegielnia;29;X;06-500;kujawsko-pomorskie;brodnicki;Brodnica;Brodnica;ul. Wyspiańskiego;10;X;87-300;X;Telefonicznie: +48 505 893 001, +48 604 527 865, e-mail: biuro@apartamenty-matejki.pl, osobiście w biurze sprzedaży: ul. Wyspiańskiego 10, 87-300 Brodnica;kujawsko-pomorskie;brodnicki;Brodnica;Brodnica;ul. Matejki;X;87-300;X;X;X;X;X;X;X;X;Miejsce postojowe;31;50000.00;2025-09-11 00:00:00;X;X;X;X;X;X;X;X;X;X;http://apartamenty-matejki.pl/prospekt-informacyjny/
TREND INWESTYCJE;Spółka cywilna;X;X;5691893901;380581092;604527865;czai333@poczta.onet.pl;X;http://apartamenty-matejki.pl/;mazowieckie;mławski;Mława;Mława;Uniszki-Cegielnia;29;X;06-500;kujawsko-pomorskie;brodnicki;Brodnica;Brodnica;ul. Wyspiańskiego;10;X;87-300;X;Telefonicznie: +48 505 893 001, +48 604 527 865, e-mail: biuro@apartamenty-matejki.pl, osobiście w biurze sprzedaży: ul. Wyspiańskiego 10, 87-300 Brodnica;kujawsko-pomorskie;brodnicki;Brodnica;Brodnica;ul. Matejki;X;87-300;X;X;X;X;X;X;X;X;Miejsce postojowe;32;50000.00;2025-09-11 00:00:00;X;X;X;X;X;X;X;X;X;X;http://apartamenty-matejki.pl/prospekt-informacyjny/
TREND INWESTYCJE;Spółka cywilna;X;X;5691893901;380581092;604527865;czai333@poczta.onet.pl;X;http://apartamenty-matejki.pl/;mazowieckie;mławski;Mława;Mława;Uniszki-Cegielnia;29;X;06-500;kujawsko-pomorskie;brodnicki;Brodnica;Brodnica;ul. Wyspiańskiego;10;X;87-300;X;Telefonicznie: +48 505 893 001, +48 604 527 865, e-mail: biuro@apartamenty-matejki.pl, osobiście w biurze sprzedaży: ul. Wyspiańskiego 10, 87-300 Brodnica;kujawsko-pomorskie;brodnicki;Brodnica;Brodnica;ul. Matejki;X;87-300;X;X;X;X;X;X;X;X;Miejsce postojowe;34;50000.00;2025-09-11 00:00:00;X;X;X;X;X;X;X;X;X;X;http://apartamenty-matejki.pl/prospekt-informacyjny/
TREND INWESTYCJE;Spółka cywilna;X;X;5691893901;380581092;604527865;czai333@poczta.onet.pl;X;http://apartamenty-matejki.pl/;mazowieckie;mławski;Mława;Mława;Uniszki-Cegielnia;29;X;06-500;kujawsko-pomorskie;brodnicki;Brodnica;Brodnica;ul. Wyspiańskiego;10;X;87-300;X;Telefonicznie: +48 505 893 001, +48 604 527 865, e-mail: biuro@apartamenty-matejki.pl, osobiście w biurze sprzedaży: ul. Wyspiańskiego 10, 87-300 Brodnica;kujawsko-pomorskie;brodnicki;Brodnica;Brodnica;ul. Matejki;X;87-300;X;X;X;X;X;X;X;X;X;X;X;X;Komórka lokatorska;6;5000.00;2025-09-11 00:00:00;X;X;X;X;X;X;http://apartamenty-matejki.pl/prospekt-informacyjny/
TREND INWESTYCJE;Spółka cywilna;X;X;5691893901;380581092;604527865;czai333@poczta.onet.pl;X;http://apartamenty-matejki.pl/;mazowieckie;mławski;Mława;Mława;Uniszki-Cegielnia;29;X;06-500;kujawsko-pomorskie;brodnicki;Brodnica;Brodnica;ul. Wyspiańskiego;10;X;87-300;X;Telefonicznie: +48 505 893 001, +48 604 527 865, e-mail: biuro@apartamenty-matejki.pl, osobiście w biurze sprzedaży: ul. Wyspiańskiego 10, 87-300 Brodnica;kujawsko-pomorskie;brodnicki;Brodnica;Brodnica;ul. Matejki;X;87-300;X;X;X;X;X;X;X;X;X;X;X;X;Komórka lokatorska;10;7000.00;2026-04-02 00:00:00;X;X;X;X;X;X;http://apartamenty-matejki.pl/prospekt-informacyjny/
TREND INWESTYCJE;Spółka cywilna;X;X;5691893901;380581092;604527865;czai333@poczta.onet.pl;X;http://apartamenty-matejki.pl/;mazowieckie;mławski;Mława;Mława;Uniszki-Cegielnia;29;X;06-500;kujawsko-pomorskie;brodnicki;Brodnica;Brodnica;ul. Wyspiańskiego;10;X;87-300;X;Telefonicznie: +48 505 893 001, +48 604 527 865, e-mail: biuro@apartamenty-matejki.pl, osobiście w biurze sprzedaży: ul. Wyspiańskiego 10, 87-300 Brodnica;kujawsko-pomorskie;brodnicki;Brodnica;Brodnica;ul. Matejki;X;87-300;X;X;X;X;X;X;X;X;X;X;X;X;Komórka lokatorska;13;5000.00;2025-09-11 00:00:00;X;X;X;X;X;X;http://apartamenty-matejki.pl/prospekt-informacyjny/
TREND INWESTYCJE;Spółka cywilna;X;X;5691893901;380581092;604527865;czai333@poczta.onet.pl;X;http://apartamenty-matejki.pl/;mazowieckie;mławski;Mława;Mława;Uniszki-Cegielnia;29;X;06-500;kujawsko-pomorskie;brodnicki;Brodnica;Brodnica;ul. Wyspiańskiego;10;X;87-300;X;Telefonicznie: +48 505 893 001, +48 604 527 865, e-mail: biuro@apartamenty-matejki.pl, osobiście w biurze sprzedaży: ul. Wyspiańskiego 10, 87-300 Brodnica;kujawsko-pomorskie;brodnicki;Brodnica;Brodnica;ul. Matejki;X;87-300;X;X;X;X;X;X;X;X;X;X;X;X;Komórka lokatorska;16;7000.00;2026-04-02 00:00:00;X;X;X;X;X;X;http://apartamenty-matejki.pl/prospekt-informacyjny/
TREND INWESTYCJE;Spółka cywilna;X;X;5691893901;380581092;604527865;czai333@poczta.onet.pl;X;http://apartamenty-matejki.pl/;mazowieckie;mławski;Mława;Mława;Uniszki-Cegielnia;29;X;06-500;kujawsko-pomorskie;brodnicki;Brodnica;Brodnica;ul. Wyspiańskiego;10;X;87-300;X;Telefonicznie: +48 505 893 001, +48 604 527 865, e-mail: biuro@apartamenty-matejki.pl, osobiście w biurze sprzedaży: ul. Wyspiańskiego 10, 87-300 Brodnica;kujawsko-pomorskie;brodnicki;Brodnica;Brodnica;ul. Matejki;X;87-300;X;X;X;X;X;X;X;X;X;X;X;X;Komórka lokatorska;19;7000.00;2026-04-02 00:00:00;X;X;X;X;X;X;http://apartamenty-matejki.pl/prospekt-informacyjny/
TREND INWESTYCJE;Spółka cywilna;X;X;5691893901;380581092;604527865;czai333@poczta.onet.pl;X;http://apartamenty-matejki.pl/;mazowieckie;mławski;Mława;Mława;Uniszki-Cegielnia;29;X;06-500;kujawsko-pomorskie;brodnicki;Brodnica;Brodnica;ul. Wyspiańskiego;10;X;87-300;X;Telefonicznie: +48 505 893 001, +48 604 527 865, e-mail: biuro@apartamenty-matejki.pl, osobiście w biurze sprzedaży: ul. Wyspiańskiego 10, 87-300 Brodnica;kujawsko-pomorskie;brodnicki;Brodnica;Brodnica;ul. Matejki;X;87-300;X;X;X;X;X;X;X;X;X;X;X;X;Komórka lokatorska;20;7000.00;2026-04-02 00:00:00;X;X;X;X;X;X;http://apartamenty-matejki.pl/prospekt-informacyjny/
