Nazwa dewelopera,Forma prawna dewelopera,Nr KRS,Nr NIP,Nr REGON,Nr telefonu,Adres poczty elektronicznej,Adres strony internetowej dewelopera,Województwo adresu siedziby/głównego miejsca wykonywania działalności gospodarczej dewelopera,Powiat adresu siedziby/głównego miejsca wykonywania działalności gospodarczej dewelopera,Gmina adresu siedziby/głównego miejsca wykonywania działalności gospodarczej dewelopera,Miejscowość adresu siedziby/głównego miejsca wykonywania działalności gospodarczej dewelopera,Ulica adresu siedziby/głównego miejsca wykonywania działalności gospodarczej dewelopera,Nr nieruchomości adresu siedziby/głównego miejsca wykonywania działalności gospodarczej dewelopera,Nr lokalu adresu siedziby/głównego miejsca wykonywania działalności gospodarczej dewelopera,Kod pocztowy adresu siedziby/głównego miejsca wykonywania działalności gospodarczej dewelopera,Inwestycja,Adres inwestycji,Nr mieszkania/miejsca parkingowego/komórki lokatorskiej/lokalu usługowego,Typ nieruchomości,Cena mieszkania (PLN),Data od której obowiązuje cena mieszkania,Cena za m2 (PLN),Data od której obowiązuje cena za m2,Metraż
TREND INWESTYCJE ,Spółka cywilna,x,5691893901,380581092,604527865,czai333@poczta.onet.pl,http://apartamenty-matejki.pl/,mazowieckie,mławski,Mława,Mława,Uniszki-Cegielnia,29,x,06-500,Apartamenty Matejki,"ul. Matejki, 87-300 Brodnica",1,mieszkanie,"312 777,00",2025/09/11,6900,2025/09/11,45.33
TREND INWESTYCJE ,Spółka cywilna,x,5691893901,380581092,604527865,czai333@poczta.onet.pl,http://apartamenty-matejki.pl/,mazowieckie,mławski,Mława,Mława,Uniszki-Cegielnia,29,x,06-500,Apartamenty Matejki,"ul. Matejki, 87-300 Brodnica",2,mieszkanie,"315 123,00",2025/09/11,6900,2025/09/11,45.67
TREND INWESTYCJE ,Spółka cywilna,x,5691893901,380581092,604527865,czai333@poczta.onet.pl,http://apartamenty-matejki.pl/,mazowieckie,mławski,Mława,Mława,Uniszki-Cegielnia,29,x,06-500,Apartamenty Matejki,"ul. Matejki, 87-300 Brodnica",3,mieszkanie,"413 172,00",2025/09/11,6900,2025/09/11,59.88
TREND INWESTYCJE ,Spółka cywilna,x,5691893901,380581092,604527865,czai333@poczta.onet.pl,http://apartamenty-matejki.pl/,mazowieckie,mławski,Mława,Mława,Uniszki-Cegielnia,29,x,06-500,Apartamenty Matejki,"ul. Matejki, 87-300 Brodnica",4,mieszkanie,"332 856,00",2025/09/11,6900,2025/09/11,48.24
TREND INWESTYCJE ,Spółka cywilna,x,5691893901,380581092,604527865,czai333@poczta.onet.pl,http://apartamenty-matejki.pl/,mazowieckie,mławski,Mława,Mława,Uniszki-Cegielnia,29,x,06-500,Apartamenty Matejki,"ul. Matejki, 87-300 Brodnica",5,mieszkanie,"332 856,00",2025/09/11,6900,2025/09/11,48.24
TREND INWESTYCJE ,Spółka cywilna,x,5691893901,380581092,604527865,czai333@poczta.onet.pl,http://apartamenty-matejki.pl/,mazowieckie,mławski,Mława,Mława,Uniszki-Cegielnia,29,x,06-500,Apartamenty Matejki,"ul. Matejki, 87-300 Brodnica",6,mieszkanie,"418 830,00",2025/09/11,6900,2025/09/11,60.7
TREND INWESTYCJE ,Spółka cywilna,x,5691893901,380581092,604527865,czai333@poczta.onet.pl,http://apartamenty-matejki.pl/,mazowieckie,mławski,Mława,Mława,Uniszki-Cegielnia,29,x,06-500,Apartamenty Matejki,"ul. Matejki, 87-300 Brodnica",7,mieszkanie,"449 811,00",2025/09/11,6900,2025/09/11,65.19
TREND INWESTYCJE ,Spółka cywilna,x,5691893901,380581092,604527865,czai333@poczta.onet.pl,http://apartamenty-matejki.pl/,mazowieckie,mławski,Mława,Mława,Uniszki-Cegielnia,29,x,06-500,Apartamenty Matejki,"ul. Matejki, 87-300 Brodnica",8,mieszkanie,"359 628,00",2025/09/11,6900,2025/09/11,52.12
TREND INWESTYCJE ,Spółka cywilna,x,5691893901,380581092,604527865,czai333@poczta.onet.pl,http://apartamenty-matejki.pl/,mazowieckie,mławski,Mława,Mława,Uniszki-Cegielnia,29,x,06-500,Apartamenty Matejki,"ul. Matejki, 87-300 Brodnica",9,mieszkanie,"332 856,00",2025/09/11,6900,2025/09/11,48.24
TREND INWESTYCJE ,Spółka cywilna,x,5691893901,380581092,604527865,czai333@poczta.onet.pl,http://apartamenty-matejki.pl/,mazowieckie,mławski,Mława,Mława,Uniszki-Cegielnia,29,x,06-500,Apartamenty Matejki,"ul. Matejki, 87-300 Brodnica",10,mieszkanie,"332 856,00",2025/09/11,6900,2025/09/11,48.24
TREND INWESTYCJE ,Spółka cywilna,x,5691893901,380581092,604527865,czai333@poczta.onet.pl,http://apartamenty-matejki.pl/,mazowieckie,mławski,Mława,Mława,Uniszki-Cegielnia,29,x,06-500,Apartamenty Matejki,"ul. Matejki, 87-300 Brodnica",11,mieszkanie,"332 856,00",2025/09/11,6900,2025/09/11,48.24
TREND INWESTYCJE ,Spółka cywilna,x,5691893901,380581092,604527865,czai333@poczta.onet.pl,http://apartamenty-matejki.pl/,mazowieckie,mławski,Mława,Mława,Uniszki-Cegielnia,29,x,06-500,Apartamenty Matejki,"ul. Matejki, 87-300 Brodnica",12,mieszkanie,"439 599,00",2025/09/11,6900,2025/09/11,63.71
TREND INWESTYCJE ,Spółka cywilna,x,5691893901,380581092,604527865,czai333@poczta.onet.pl,http://apartamenty-matejki.pl/,mazowieckie,mławski,Mława,Mława,Uniszki-Cegielnia,29,x,06-500,Apartamenty Matejki,"ul. Matejki, 87-300 Brodnica",13,mieszkanie,"236 904,50",2025/09/11,5990,2025/09/11,39.55
TREND INWESTYCJE ,Spółka cywilna,x,5691893901,380581092,604527865,czai333@poczta.onet.pl,http://apartamenty-matejki.pl/,mazowieckie,mławski,Mława,Mława,Uniszki-Cegielnia,29,x,06-500,Apartamenty Matejki,"ul. Matejki, 87-300 Brodnica",14,mieszkanie,"391 989,00",2025/09/11,6900,2025/09/11,56.81
TREND INWESTYCJE ,Spółka cywilna,x,5691893901,380581092,604527865,czai333@poczta.onet.pl,http://apartamenty-matejki.pl/,mazowieckie,mławski,Mława,Mława,Uniszki-Cegielnia,29,x,06-500,Apartamenty Matejki,"ul. Matejki, 87-300 Brodnica",15,mieszkanie,"271 526,70",2025/09/11,5990,2025/09/11,45.33
TREND INWESTYCJE ,Spółka cywilna,x,5691893901,380581092,604527865,czai333@poczta.onet.pl,http://apartamenty-matejki.pl/,mazowieckie,mławski,Mława,Mława,Uniszki-Cegielnia,29,x,06-500,Apartamenty Matejki,"ul. Matejki, 87-300 Brodnica",16,mieszkanie,"273 563,30",2025/09/11,5990,2025/09/11,45.67
TREND INWESTYCJE ,Spółka cywilna,x,5691893901,380581092,604527865,czai333@poczta.onet.pl,http://apartamenty-matejki.pl/,mazowieckie,mławski,Mława,Mława,Uniszki-Cegielnia,29,x,06-500,Apartamenty Matejki,"ul. Matejki, 87-300 Brodnica",17,mieszkanie,"389 220,00",2026/04/02,6500,2026/04/02,59.88
TREND INWESTYCJE ,Spółka cywilna,x,5691893901,380581092,604527865,czai333@poczta.onet.pl,http://apartamenty-matejki.pl/,mazowieckie,mławski,Mława,Mława,Uniszki-Cegielnia,29,x,06-500,Apartamenty Matejki,"ul. Matejki, 87-300 Brodnica",18,mieszkanie,"288 957,60",2025/09/11,5990,2025/09/11,48.24
TREND INWESTYCJE ,Spółka cywilna,x,5691893901,380581092,604527865,czai333@poczta.onet.pl,http://apartamenty-matejki.pl/,mazowieckie,mławski,Mława,Mława,Uniszki-Cegielnia,29,x,06-500,Apartamenty Matejki,"ul. Matejki, 87-300 Brodnica",19,mieszkanie,"313 560,00",2026/04/02,6500,2026/04/02,48.24
TREND INWESTYCJE ,Spółka cywilna,x,5691893901,380581092,604527865,czai333@poczta.onet.pl,http://apartamenty-matejki.pl/,mazowieckie,mławski,Mława,Mława,Uniszki-Cegielnia,29,x,06-500,Apartamenty Matejki,"ul. Matejki, 87-300 Brodnica",20,mieszkanie,"394 550,00",2026/04/02,6500,2026/04/02,60.7
TREND INWESTYCJE ,Spółka cywilna,x,5691893901,380581092,604527865,czai333@poczta.onet.pl,http://apartamenty-matejki.pl/,mazowieckie,mławski,Mława,Mława,Uniszki-Cegielnia,29,x,06-500,Apartamenty Matejki,"ul. Matejki, 87-300 Brodnica",21,mieszkanie,"423 735,00",2026/04/02,6500,2026/04/02,65.19
TREND INWESTYCJE ,Spółka cywilna,x,5691893901,380581092,604527865,czai333@poczta.onet.pl,http://apartamenty-matejki.pl/,mazowieckie,mławski,Mława,Mława,Uniszki-Cegielnia,29,x,06-500,Apartamenty Matejki,"ul. Matejki, 87-300 Brodnica",22,mieszkanie,"312 198,80",2025/09/11,5990,2025/09/11,52.12
TREND INWESTYCJE ,Spółka cywilna,x,5691893901,380581092,604527865,czai333@poczta.onet.pl,http://apartamenty-matejki.pl/,mazowieckie,mławski,Mława,Mława,Uniszki-Cegielnia,29,x,06-500,Apartamenty Matejki,"ul. Matejki, 87-300 Brodnica",23,mieszkanie,"288 957,60",2025/09/11,5990,2025/09/11,48.24
TREND INWESTYCJE ,Spółka cywilna,x,5691893901,380581092,604527865,czai333@poczta.onet.pl,http://apartamenty-matejki.pl/,mazowieckie,mławski,Mława,Mława,Uniszki-Cegielnia,29,x,06-500,Apartamenty Matejki,"ul. Matejki, 87-300 Brodnica",24,mieszkanie,"288 957,60",2025/09/11,5990,2025/09/11,48.24
TREND INWESTYCJE ,Spółka cywilna,x,5691893901,380581092,604527865,czai333@poczta.onet.pl,http://apartamenty-matejki.pl/,mazowieckie,mławski,Mława,Mława,Uniszki-Cegielnia,29,x,06-500,Apartamenty Matejki,"ul. Matejki, 87-300 Brodnica",25,mieszkanie,"288 957,60",2025/09/11,5990,2025/09/11,48.24
TREND INWESTYCJE ,Spółka cywilna,x,5691893901,380581092,604527865,czai333@poczta.onet.pl,http://apartamenty-matejki.pl/,mazowieckie,mławski,Mława,Mława,Uniszki-Cegielnia,29,x,06-500,Apartamenty Matejki,"ul. Matejki, 87-300 Brodnica",26,mieszkanie,"381 622,90",2025/09/11,5990,2025/09/11,63.71
TREND INWESTYCJE ,Spółka cywilna,x,5691893901,380581092,604527865,czai333@poczta.onet.pl,http://apartamenty-matejki.pl/,mazowieckie,mławski,Mława,Mława,Uniszki-Cegielnia,29,x,06-500,Apartamenty Matejki,"ul. Matejki, 87-300 Brodnica",27,mieszkanie,"236 904,50",2025/09/11,5990,2025/09/11,39.55
TREND INWESTYCJE ,Spółka cywilna,x,5691893901,380581092,604527865,czai333@poczta.onet.pl,http://apartamenty-matejki.pl/,mazowieckie,mławski,Mława,Mława,Uniszki-Cegielnia,29,x,06-500,Apartamenty Matejki,"ul. Matejki, 87-300 Brodnica",28,mieszkanie,"340 291,90",2025/09/11,5990,2025/09/11,56.81
TREND INWESTYCJE ,Spółka cywilna,x,5691893901,380581092,604527865,czai333@poczta.onet.pl,http://apartamenty-matejki.pl/,mazowieckie,mławski,Mława,Mława,Uniszki-Cegielnia,29,x,06-500,Apartamenty Matejki,"ul. Matejki, 87-300 Brodnica",29,mieszkanie,"271 526,70",2025/09/11,5990,2025/09/11,45.33
TREND INWESTYCJE ,Spółka cywilna,x,5691893901,380581092,604527865,czai333@poczta.onet.pl,http://apartamenty-matejki.pl/,mazowieckie,mławski,Mława,Mława,Uniszki-Cegielnia,29,x,06-500,Apartamenty Matejki,"ul. Matejki, 87-300 Brodnica",30,mieszkanie,"273 563,30",2025/09/11,5990,2025/09/11,45.67
TREND INWESTYCJE ,Spółka cywilna,x,5691893901,380581092,604527865,czai333@poczta.onet.pl,http://apartamenty-matejki.pl/,mazowieckie,mławski,Mława,Mława,Uniszki-Cegielnia,29,x,06-500,Apartamenty Matejki,"ul. Matejki, 87-300 Brodnica",31,mieszkanie,"389 220,00",2026/04/02,6500,2026/04/02,59.88
TREND INWESTYCJE ,Spółka cywilna,x,5691893901,380581092,604527865,czai333@poczta.onet.pl,http://apartamenty-matejki.pl/,mazowieckie,mławski,Mława,Mława,Uniszki-Cegielnia,29,x,06-500,Apartamenty Matejki,"ul. Matejki, 87-300 Brodnica",32,mieszkanie,"288 957,60",2025/09/11,5990,2025/09/11,48.24
TREND INWESTYCJE ,Spółka cywilna,x,5691893901,380581092,604527865,czai333@poczta.onet.pl,http://apartamenty-matejki.pl/,mazowieckie,mławski,Mława,Mława,Uniszki-Cegielnia,29,x,06-500,Apartamenty Matejki,"ul. Matejki, 87-300 Brodnica",33,mieszkanie,"288 957,60",2025/09/11,5990,2025/09/11,48.24
TREND INWESTYCJE ,Spółka cywilna,x,5691893901,380581092,604527865,czai333@poczta.onet.pl,http://apartamenty-matejki.pl/,mazowieckie,mławski,Mława,Mława,Uniszki-Cegielnia,29,x,06-500,Apartamenty Matejki,"ul. Matejki, 87-300 Brodnica",34,mieszkanie,"394 550,00",2026/04/02,6500,2026/04/02,60.7
TREND INWESTYCJE ,Spółka cywilna,x,5691893901,380581092,604527865,czai333@poczta.onet.pl,http://apartamenty-matejki.pl/,mazowieckie,mławski,Mława,Mława,Uniszki-Cegielnia,29,x,06-500,Apartamenty Matejki,"ul. Matejki, 87-300 Brodnica",35,mieszkanie,"423 735,00",2026/04/02,6500,2026/04/02,65.19
TREND INWESTYCJE ,Spółka cywilna,x,5691893901,380581092,604527865,czai333@poczta.onet.pl,http://apartamenty-matejki.pl/,mazowieckie,mławski,Mława,Mława,Uniszki-Cegielnia,29,x,06-500,Apartamenty Matejki,"ul. Matejki, 87-300 Brodnica",36,mieszkanie,"312 198,80",2025/09/11,5990,2025/09/11,52.12
TREND INWESTYCJE ,Spółka cywilna,x,5691893901,380581092,604527865,czai333@poczta.onet.pl,http://apartamenty-matejki.pl/,mazowieckie,mławski,Mława,Mława,Uniszki-Cegielnia,29,x,06-500,Apartamenty Matejki,"ul. Matejki, 87-300 Brodnica",37,mieszkanie,"288 957,60",2025/09/11,5990,2025/09/11,48.24
TREND INWESTYCJE ,Spółka cywilna,x,5691893901,380581092,604527865,czai333@poczta.onet.pl,http://apartamenty-matejki.pl/,mazowieckie,mławski,Mława,Mława,Uniszki-Cegielnia,29,x,06-500,Apartamenty Matejki,"ul. Matejki, 87-300 Brodnica",38,mieszkanie,"288 957,60",2025/09/11,5990,2025/09/11,48.24
TREND INWESTYCJE ,Spółka cywilna,x,5691893901,380581092,604527865,czai333@poczta.onet.pl,http://apartamenty-matejki.pl/,mazowieckie,mławski,Mława,Mława,Uniszki-Cegielnia,29,x,06-500,Apartamenty Matejki,"ul. Matejki, 87-300 Brodnica",39,mieszkanie,"288 957,60",2025/09/11,5990,2025/09/11,48.24
TREND INWESTYCJE ,Spółka cywilna,x,5691893901,380581092,604527865,czai333@poczta.onet.pl,http://apartamenty-matejki.pl/,mazowieckie,mławski,Mława,Mława,Uniszki-Cegielnia,29,x,06-500,Apartamenty Matejki,"ul. Matejki, 87-300 Brodnica",40,mieszkanie,"381 622,90",2025/09/11,5990,2025/09/11,63.71
TREND INWESTYCJE ,Spółka cywilna,x,5691893901,380581092,604527865,czai333@poczta.onet.pl,http://apartamenty-matejki.pl/,mazowieckie,mławski,Mława,Mława,Uniszki-Cegielnia,29,x,06-500,Apartamenty Matejki,"ul. Matejki, 87-300 Brodnica",41,mieszkanie,"236 904,50",2025/09/11,5990,2025/09/11,39.55
TREND INWESTYCJE ,Spółka cywilna,x,5691893901,380581092,604527865,czai333@poczta.onet.pl,http://apartamenty-matejki.pl/,mazowieckie,mławski,Mława,Mława,Uniszki-Cegielnia,29,x,06-500,Apartamenty Matejki,"ul. Matejki, 87-300 Brodnica",42,mieszkanie,"340 291,90",2025/09/11,5990,2025/09/11,56.81
TREND INWESTYCJE ,Spółka cywilna,x,5691893901,380581092,604527865,czai333@poczta.onet.pl,http://apartamenty-matejki.pl/,mazowieckie,mławski,Mława,Mława,Uniszki-Cegielnia,29,x,06-500,Apartamenty Matejki,"ul. Matejki, 87-300 Brodnica",43,mieszkanie,"271 526,70",2025/09/11,5990,2025/09/11,45.33
TREND INWESTYCJE ,Spółka cywilna,x,5691893901,380581092,604527865,czai333@poczta.onet.pl,http://apartamenty-matejki.pl/,mazowieckie,mławski,Mława,Mława,Uniszki-Cegielnia,29,x,06-500,Apartamenty Matejki,"ul. Matejki, 87-300 Brodnica",44,mieszkanie,"273 563,30",2025/09/11,5990,2025/09/11,45.67
TREND INWESTYCJE ,Spółka cywilna,x,5691893901,380581092,604527865,czai333@poczta.onet.pl,http://apartamenty-matejki.pl/,mazowieckie,mławski,Mława,Mława,Uniszki-Cegielnia,29,x,06-500,Apartamenty Matejki,"ul. Matejki, 87-300 Brodnica",45,mieszkanie,"389 220,00",2026/04/02,6500,2026/04/02,59.88
TREND INWESTYCJE ,Spółka cywilna,x,5691893901,380581092,604527865,czai333@poczta.onet.pl,http://apartamenty-matejki.pl/,mazowieckie,mławski,Mława,Mława,Uniszki-Cegielnia,29,x,06-500,Apartamenty Matejki,"ul. Matejki, 87-300 Brodnica",46,mieszkanie,"313 560,00",2026/04/02,6500,2026/04/02,48.24
TREND INWESTYCJE ,Spółka cywilna,x,5691893901,380581092,604527865,czai333@poczta.onet.pl,http://apartamenty-matejki.pl/,mazowieckie,mławski,Mława,Mława,Uniszki-Cegielnia,29,x,06-500,Apartamenty Matejki,"ul. Matejki, 87-300 Brodnica",47,mieszkanie,"313 560,00",2026/04/02,6500,2026/04/02,48.24
TREND INWESTYCJE ,Spółka cywilna,x,5691893901,380581092,604527865,czai333@poczta.onet.pl,http://apartamenty-matejki.pl/,mazowieckie,mławski,Mława,Mława,Uniszki-Cegielnia,29,x,06-500,Apartamenty Matejki,"ul. Matejki, 87-300 Brodnica",48,mieszkanie,"394 550,00",2026/04/02,6500,2026/04/02,60.7
TREND INWESTYCJE ,Spółka cywilna,x,5691893901,380581092,604527865,czai333@poczta.onet.pl,http://apartamenty-matejki.pl/,mazowieckie,mławski,Mława,Mława,Uniszki-Cegielnia,29,x,06-500,Apartamenty Matejki,"ul. Matejki, 87-300 Brodnica",49,mieszkanie,"423 735,00",2026/04/02,6500,2026/04/02,65.19
TREND INWESTYCJE ,Spółka cywilna,x,5691893901,380581092,604527865,czai333@poczta.onet.pl,http://apartamenty-matejki.pl/,mazowieckie,mławski,Mława,Mława,Uniszki-Cegielnia,29,x,06-500,Apartamenty Matejki,"ul. Matejki, 87-300 Brodnica",50,mieszkanie,"312 198,80",2025/09/11,5990,2025/09/11,52.12
TREND INWESTYCJE ,Spółka cywilna,x,5691893901,380581092,604527865,czai333@poczta.onet.pl,http://apartamenty-matejki.pl/,mazowieckie,mławski,Mława,Mława,Uniszki-Cegielnia,29,x,06-500,Apartamenty Matejki,"ul. Matejki, 87-300 Brodnica",51,mieszkanie,"313 560,00",2026/04/02,6500,2026/04/02,48.24
TREND INWESTYCJE ,Spółka cywilna,x,5691893901,380581092,604527865,czai333@poczta.onet.pl,http://apartamenty-matejki.pl/,mazowieckie,mławski,Mława,Mława,Uniszki-Cegielnia,29,x,06-500,Apartamenty Matejki,"ul. Matejki, 87-300 Brodnica",52,mieszkanie,"288 957,60",2025/09/11,5990,2025/09/11,48.24
TREND INWESTYCJE ,Spółka cywilna,x,5691893901,380581092,604527865,czai333@poczta.onet.pl,http://apartamenty-matejki.pl/,mazowieckie,mławski,Mława,Mława,Uniszki-Cegielnia,29,x,06-500,Apartamenty Matejki,"ul. Matejki, 87-300 Brodnica",53,mieszkanie,"288 957,60",2025/09/11,5990,2025/09/11,48.24
TREND INWESTYCJE ,Spółka cywilna,x,5691893901,380581092,604527865,czai333@poczta.onet.pl,http://apartamenty-matejki.pl/,mazowieckie,mławski,Mława,Mława,Uniszki-Cegielnia,29,x,06-500,Apartamenty Matejki,"ul. Matejki, 87-300 Brodnica",54,mieszkanie,"381 622,90",2025/09/11,5990,2025/09/11,63.71
TREND INWESTYCJE ,Spółka cywilna,x,5691893901,380581092,604527865,czai333@poczta.onet.pl,http://apartamenty-matejki.pl/,mazowieckie,mławski,Mława,Mława,Uniszki-Cegielnia,29,x,06-500,Apartamenty Matejki,"ul. Matejki, 87-300 Brodnica",55,mieszkanie,"284 760,00",2026/04/02,7200,2026/04/02,39.55
TREND INWESTYCJE ,Spółka cywilna,x,5691893901,380581092,604527865,czai333@poczta.onet.pl,http://apartamenty-matejki.pl/,mazowieckie,mławski,Mława,Mława,Uniszki-Cegielnia,29,x,06-500,Apartamenty Matejki,"ul. Matejki, 87-300 Brodnica",56,mieszkanie,"369 265,00",2026/04/02,6500,2026/04/02,56.81
TREND INWESTYCJE ,Spółka cywilna,x,5691893901,380581092,604527865,czai333@poczta.onet.pl,http://apartamenty-matejki.pl/,mazowieckie,mławski,Mława,Mława,Uniszki-Cegielnia,29,x,06-500,Apartamenty Matejki,"ul. Matejki, 87-300 Brodnica",1,miejsce parkingowe,"50 000,00",2025/09/11,x,2025/09/11,x
TREND INWESTYCJE ,Spółka cywilna,x,5691893901,380581092,604527865,czai333@poczta.onet.pl,http://apartamenty-matejki.pl/,mazowieckie,mławski,Mława,Mława,Uniszki-Cegielnia,29,x,06-500,Apartamenty Matejki,"ul. Matejki, 87-300 Brodnica",2,miejsce parkingowe,"50 000,00",2025/09/11,x,2025/09/11,x
TREND INWESTYCJE ,Spółka cywilna,x,5691893901,380581092,604527865,czai333@poczta.onet.pl,http://apartamenty-matejki.pl/,mazowieckie,mławski,Mława,Mława,Uniszki-Cegielnia,29,x,06-500,Apartamenty Matejki,"ul. Matejki, 87-300 Brodnica",3,miejsce parkingowe,"50 000,00",2025/09/11,x,2025/09/11,x
TREND INWESTYCJE ,Spółka cywilna,x,5691893901,380581092,604527865,czai333@poczta.onet.pl,http://apartamenty-matejki.pl/,mazowieckie,mławski,Mława,Mława,Uniszki-Cegielnia,29,x,06-500,Apartamenty Matejki,"ul. Matejki, 87-300 Brodnica",4,miejsce parkingowe,"50 000,00",2025/09/11,x,2025/09/11,x
TREND INWESTYCJE ,Spółka cywilna,x,5691893901,380581092,604527865,czai333@poczta.onet.pl,http://apartamenty-matejki.pl/,mazowieckie,mławski,Mława,Mława,Uniszki-Cegielnia,29,x,06-500,Apartamenty Matejki,"ul. Matejki, 87-300 Brodnica",5,miejsce parkingowe,"50 000,00",2025/09/11,x,2025/09/11,x
TREND INWESTYCJE ,Spółka cywilna,x,5691893901,380581092,604527865,czai333@poczta.onet.pl,http://apartamenty-matejki.pl/,mazowieckie,mławski,Mława,Mława,Uniszki-Cegielnia,29,x,06-500,Apartamenty Matejki,"ul. Matejki, 87-300 Brodnica",6,miejsce parkingowe,"50 000,00",2025/09/11,x,2025/09/11,x
TREND INWESTYCJE ,Spółka cywilna,x,5691893901,380581092,604527865,czai333@poczta.onet.pl,http://apartamenty-matejki.pl/,mazowieckie,mławski,Mława,Mława,Uniszki-Cegielnia,29,x,06-500,Apartamenty Matejki,"ul. Matejki, 87-300 Brodnica",7,miejsce parkingowe,"50 000,00",2025/09/11,x,2025/09/11,x
TREND INWESTYCJE ,Spółka cywilna,x,5691893901,380581092,604527865,czai333@poczta.onet.pl,http://apartamenty-matejki.pl/,mazowieckie,mławski,Mława,Mława,Uniszki-Cegielnia,29,x,06-500,Apartamenty Matejki,"ul. Matejki, 87-300 Brodnica",8,miejsce parkingowe,"50 000,00",2025/09/11,x,2025/09/11,x
TREND INWESTYCJE ,Spółka cywilna,x,5691893901,380581092,604527865,czai333@poczta.onet.pl,http://apartamenty-matejki.pl/,mazowieckie,mławski,Mława,Mława,Uniszki-Cegielnia,29,x,06-500,Apartamenty Matejki,"ul. Matejki, 87-300 Brodnica",9,miejsce parkingowe,"50 000,00",2025/09/11,x,2025/09/11,x
TREND INWESTYCJE ,Spółka cywilna,x,5691893901,380581092,604527865,czai333@poczta.onet.pl,http://apartamenty-matejki.pl/,mazowieckie,mławski,Mława,Mława,Uniszki-Cegielnia,29,x,06-500,Apartamenty Matejki,"ul. Matejki, 87-300 Brodnica",10,miejsce parkingowe,"50 000,00",2025/09/11,x,2025/09/11,x
TREND INWESTYCJE ,Spółka cywilna,x,5691893901,380581092,604527865,czai333@poczta.onet.pl,http://apartamenty-matejki.pl/,mazowieckie,mławski,Mława,Mława,Uniszki-Cegielnia,29,x,06-500,Apartamenty Matejki,"ul. Matejki, 87-300 Brodnica",11,miejsce parkingowe,"50 000,00",2025/09/11,x,2025/09/11,x
TREND INWESTYCJE ,Spółka cywilna,x,5691893901,380581092,604527865,czai333@poczta.onet.pl,http://apartamenty-matejki.pl/,mazowieckie,mławski,Mława,Mława,Uniszki-Cegielnia,29,x,06-500,Apartamenty Matejki,"ul. Matejki, 87-300 Brodnica",12,miejsce parkingowe,"50 000,00",2025/09/11,x,2025/09/11,x
TREND INWESTYCJE ,Spółka cywilna,x,5691893901,380581092,604527865,czai333@poczta.onet.pl,http://apartamenty-matejki.pl/,mazowieckie,mławski,Mława,Mława,Uniszki-Cegielnia,29,x,06-500,Apartamenty Matejki,"ul. Matejki, 87-300 Brodnica",13,miejsce parkingowe,"50 000,00",2025/09/11,x,2025/09/11,x
TREND INWESTYCJE ,Spółka cywilna,x,5691893901,380581092,604527865,czai333@poczta.onet.pl,http://apartamenty-matejki.pl/,mazowieckie,mławski,Mława,Mława,Uniszki-Cegielnia,29,x,06-500,Apartamenty Matejki,"ul. Matejki, 87-300 Brodnica",14,miejsce parkingowe,"50 000,00",2025/09/11,x,2025/09/11,x
TREND INWESTYCJE ,Spółka cywilna,x,5691893901,380581092,604527865,czai333@poczta.onet.pl,http://apartamenty-matejki.pl/,mazowieckie,mławski,Mława,Mława,Uniszki-Cegielnia,29,x,06-500,Apartamenty Matejki,"ul. Matejki, 87-300 Brodnica",15,miejsce parkingowe,"50 000,00",2025/09/11,x,2025/09/11,x
TREND INWESTYCJE ,Spółka cywilna,x,5691893901,380581092,604527865,czai333@poczta.onet.pl,http://apartamenty-matejki.pl/,mazowieckie,mławski,Mława,Mława,Uniszki-Cegielnia,29,x,06-500,Apartamenty Matejki,"ul. Matejki, 87-300 Brodnica",16,miejsce parkingowe,"50 000,00",2025/09/11,x,2025/09/11,x
TREND INWESTYCJE ,Spółka cywilna,x,5691893901,380581092,604527865,czai333@poczta.onet.pl,http://apartamenty-matejki.pl/,mazowieckie,mławski,Mława,Mława,Uniszki-Cegielnia,29,x,06-500,Apartamenty Matejki,"ul. Matejki, 87-300 Brodnica",17,miejsce parkingowe,"50 000,00",2025/09/11,x,2025/09/11,x
TREND INWESTYCJE ,Spółka cywilna,x,5691893901,380581092,604527865,czai333@poczta.onet.pl,http://apartamenty-matejki.pl/,mazowieckie,mławski,Mława,Mława,Uniszki-Cegielnia,29,x,06-500,Apartamenty Matejki,"ul. Matejki, 87-300 Brodnica",18,miejsce parkingowe,"50 000,00",2025/09/11,x,2025/09/11,x
TREND INWESTYCJE ,Spółka cywilna,x,5691893901,380581092,604527865,czai333@poczta.onet.pl,http://apartamenty-matejki.pl/,mazowieckie,mławski,Mława,Mława,Uniszki-Cegielnia,29,x,06-500,Apartamenty Matejki,"ul. Matejki, 87-300 Brodnica",19,miejsce parkingowe,"50 000,00",2025/09/11,x,2025/09/11,x
TREND INWESTYCJE ,Spółka cywilna,x,5691893901,380581092,604527865,czai333@poczta.onet.pl,http://apartamenty-matejki.pl/,mazowieckie,mławski,Mława,Mława,Uniszki-Cegielnia,29,x,06-500,Apartamenty Matejki,"ul. Matejki, 87-300 Brodnica",20,miejsce parkingowe,"50 000,00",2025/09/11,x,2025/09/11,x
TREND INWESTYCJE ,Spółka cywilna,x,5691893901,380581092,604527865,czai333@poczta.onet.pl,http://apartamenty-matejki.pl/,mazowieckie,mławski,Mława,Mława,Uniszki-Cegielnia,29,x,06-500,Apartamenty Matejki,"ul. Matejki, 87-300 Brodnica",21,miejsce parkingowe,"50 000,00",2025/09/11,x,2025/09/11,x
TREND INWESTYCJE ,Spółka cywilna,x,5691893901,380581092,604527865,czai333@poczta.onet.pl,http://apartamenty-matejki.pl/,mazowieckie,mławski,Mława,Mława,Uniszki-Cegielnia,29,x,06-500,Apartamenty Matejki,"ul. Matejki, 87-300 Brodnica",22,miejsce parkingowe,"50 000,00",2025/09/11,x,2025/09/11,x
TREND INWESTYCJE ,Spółka cywilna,x,5691893901,380581092,604527865,czai333@poczta.onet.pl,http://apartamenty-matejki.pl/,mazowieckie,mławski,Mława,Mława,Uniszki-Cegielnia,29,x,06-500,Apartamenty Matejki,"ul. Matejki, 87-300 Brodnica",23,miejsce parkingowe,"50 000,00",2025/09/11,x,2025/09/11,x
TREND INWESTYCJE ,Spółka cywilna,x,5691893901,380581092,604527865,czai333@poczta.onet.pl,http://apartamenty-matejki.pl/,mazowieckie,mławski,Mława,Mława,Uniszki-Cegielnia,29,x,06-500,Apartamenty Matejki,"ul. Matejki, 87-300 Brodnica",24,miejsce parkingowe,"50 000,00",2025/09/11,x,2025/09/11,x
TREND INWESTYCJE ,Spółka cywilna,x,5691893901,380581092,604527865,czai333@poczta.onet.pl,http://apartamenty-matejki.pl/,mazowieckie,mławski,Mława,Mława,Uniszki-Cegielnia,29,x,06-500,Apartamenty Matejki,"ul. Matejki, 87-300 Brodnica",25,miejsce parkingowe,"50 000,00",2025/09/11,x,2025/09/11,x
TREND INWESTYCJE ,Spółka cywilna,x,5691893901,380581092,604527865,czai333@poczta.onet.pl,http://apartamenty-matejki.pl/,mazowieckie,mławski,Mława,Mława,Uniszki-Cegielnia,29,x,06-500,Apartamenty Matejki,"ul. Matejki, 87-300 Brodnica",26,miejsce parkingowe,"50 000,00",2025/09/11,x,2025/09/11,x
TREND INWESTYCJE ,Spółka cywilna,x,5691893901,380581092,604527865,czai333@poczta.onet.pl,http://apartamenty-matejki.pl/,mazowieckie,mławski,Mława,Mława,Uniszki-Cegielnia,29,x,06-500,Apartamenty Matejki,"ul. Matejki, 87-300 Brodnica",27,miejsce parkingowe,"50 000,00",2025/09/11,x,2025/09/11,x
TREND INWESTYCJE ,Spółka cywilna,x,5691893901,380581092,604527865,czai333@poczta.onet.pl,http://apartamenty-matejki.pl/,mazowieckie,mławski,Mława,Mława,Uniszki-Cegielnia,29,x,06-500,Apartamenty Matejki,"ul. Matejki, 87-300 Brodnica",28,miejsce parkingowe,"50 000,00",2025/09/11,x,2025/09/11,x
TREND INWESTYCJE ,Spółka cywilna,x,5691893901,380581092,604527865,czai333@poczta.onet.pl,http://apartamenty-matejki.pl/,mazowieckie,mławski,Mława,Mława,Uniszki-Cegielnia,29,x,06-500,Apartamenty Matejki,"ul. Matejki, 87-300 Brodnica",29,miejsce parkingowe,"50 000,00",2025/09/11,x,2025/09/11,x
TREND INWESTYCJE ,Spółka cywilna,x,5691893901,380581092,604527865,czai333@poczta.onet.pl,http://apartamenty-matejki.pl/,mazowieckie,mławski,Mława,Mława,Uniszki-Cegielnia,29,x,06-500,Apartamenty Matejki,"ul. Matejki, 87-300 Brodnica",30,miejsce parkingowe,"50 000,00",2025/09/11,x,2025/09/11,x
TREND INWESTYCJE ,Spółka cywilna,x,5691893901,380581092,604527865,czai333@poczta.onet.pl,http://apartamenty-matejki.pl/,mazowieckie,mławski,Mława,Mława,Uniszki-Cegielnia,29,x,06-500,Apartamenty Matejki,"ul. Matejki, 87-300 Brodnica",31,miejsce parkingowe,"50 000,00",2025/09/11,x,2025/09/11,x
TREND INWESTYCJE ,Spółka cywilna,x,5691893901,380581092,604527865,czai333@poczta.onet.pl,http://apartamenty-matejki.pl/,mazowieckie,mławski,Mława,Mława,Uniszki-Cegielnia,29,x,06-500,Apartamenty Matejki,"ul. Matejki, 87-300 Brodnica",32,miejsce parkingowe,"50 000,00",2025/09/11,x,2025/09/11,x
TREND INWESTYCJE ,Spółka cywilna,x,5691893901,380581092,604527865,czai333@poczta.onet.pl,http://apartamenty-matejki.pl/,mazowieckie,mławski,Mława,Mława,Uniszki-Cegielnia,29,x,06-500,Apartamenty Matejki,"ul. Matejki, 87-300 Brodnica",33,miejsce parkingowe,"50 000,00",2025/09/11,x,2025/09/11,x
TREND INWESTYCJE ,Spółka cywilna,x,5691893901,380581092,604527865,czai333@poczta.onet.pl,http://apartamenty-matejki.pl/,mazowieckie,mławski,Mława,Mława,Uniszki-Cegielnia,29,x,06-500,Apartamenty Matejki,"ul. Matejki, 87-300 Brodnica",34,miejsce parkingowe,"50 000,00",2025/09/11,x,2025/09/11,x
TREND INWESTYCJE ,Spółka cywilna,x,5691893901,380581092,604527865,czai333@poczta.onet.pl,http://apartamenty-matejki.pl/,mazowieckie,mławski,Mława,Mława,Uniszki-Cegielnia,29,x,06-500,Apartamenty Matejki,"ul. Matejki, 87-300 Brodnica",35,miejsce parkingowe,"50 000,00",2025/09/11,x,2025/09/11,x
TREND INWESTYCJE ,Spółka cywilna,x,5691893901,380581092,604527865,czai333@poczta.onet.pl,http://apartamenty-matejki.pl/,mazowieckie,mławski,Mława,Mława,Uniszki-Cegielnia,29,x,06-500,Apartamenty Matejki,"ul. Matejki, 87-300 Brodnica",36,miejsce parkingowe,"50 000,00",2025/09/11,x,2025/09/11,x
TREND INWESTYCJE ,Spółka cywilna,x,5691893901,380581092,604527865,czai333@poczta.onet.pl,http://apartamenty-matejki.pl/,mazowieckie,mławski,Mława,Mława,Uniszki-Cegielnia,29,x,06-500,Apartamenty Matejki,"ul. Matejki, 87-300 Brodnica",1,komórka lokatorska,"5 000,00",2025/09/11,x,2025/09/11,x
TREND INWESTYCJE ,Spółka cywilna,x,5691893901,380581092,604527865,czai333@poczta.onet.pl,http://apartamenty-matejki.pl/,mazowieckie,mławski,Mława,Mława,Uniszki-Cegielnia,29,x,06-500,Apartamenty Matejki,"ul. Matejki, 87-300 Brodnica",2,komórka lokatorska,"5 000,00",2025/09/11,x,2025/09/11,x
TREND INWESTYCJE ,Spółka cywilna,x,5691893901,380581092,604527865,czai333@poczta.onet.pl,http://apartamenty-matejki.pl/,mazowieckie,mławski,Mława,Mława,Uniszki-Cegielnia,29,x,06-500,Apartamenty Matejki,"ul. Matejki, 87-300 Brodnica",3,komórka lokatorska,"5 000,00",2025/09/11,x,2025/09/11,x
TREND INWESTYCJE ,Spółka cywilna,x,5691893901,380581092,604527865,czai333@poczta.onet.pl,http://apartamenty-matejki.pl/,mazowieckie,mławski,Mława,Mława,Uniszki-Cegielnia,29,x,06-500,Apartamenty Matejki,"ul. Matejki, 87-300 Brodnica",4,komórka lokatorska,"5 000,00",2025/09/11,x,2025/09/11,x
TREND INWESTYCJE ,Spółka cywilna,x,5691893901,380581092,604527865,czai333@poczta.onet.pl,http://apartamenty-matejki.pl/,mazowieckie,mławski,Mława,Mława,Uniszki-Cegielnia,29,x,06-500,Apartamenty Matejki,"ul. Matejki, 87-300 Brodnica",5,komórka lokatorska,"5 000,00",2025/09/11,x,2025/09/11,x
TREND INWESTYCJE ,Spółka cywilna,x,5691893901,380581092,604527865,czai333@poczta.onet.pl,http://apartamenty-matejki.pl/,mazowieckie,mławski,Mława,Mława,Uniszki-Cegielnia,29,x,06-500,Apartamenty Matejki,"ul. Matejki, 87-300 Brodnica",6,komórka lokatorska,"5 000,00",2025/09/11,x,2025/09/11,x
TREND INWESTYCJE ,Spółka cywilna,x,5691893901,380581092,604527865,czai333@poczta.onet.pl,http://apartamenty-matejki.pl/,mazowieckie,mławski,Mława,Mława,Uniszki-Cegielnia,29,x,06-500,Apartamenty Matejki,"ul. Matejki, 87-300 Brodnica",7,komórka lokatorska,"5 000,00",2025/09/11,x,2025/09/11,x
TREND INWESTYCJE ,Spółka cywilna,x,5691893901,380581092,604527865,czai333@poczta.onet.pl,http://apartamenty-matejki.pl/,mazowieckie,mławski,Mława,Mława,Uniszki-Cegielnia,29,x,06-500,Apartamenty Matejki,"ul. Matejki, 87-300 Brodnica",8,komórka lokatorska,"5 000,00",2025/09/11,x,2025/09/11,x
TREND INWESTYCJE ,Spółka cywilna,x,5691893901,380581092,604527865,czai333@poczta.onet.pl,http://apartamenty-matejki.pl/,mazowieckie,mławski,Mława,Mława,Uniszki-Cegielnia,29,x,06-500,Apartamenty Matejki,"ul. Matejki, 87-300 Brodnica",9,komórka lokatorska,"5 000,00",2025/09/11,x,2025/09/11,x
TREND INWESTYCJE ,Spółka cywilna,x,5691893901,380581092,604527865,czai333@poczta.onet.pl,http://apartamenty-matejki.pl/,mazowieckie,mławski,Mława,Mława,Uniszki-Cegielnia,29,x,06-500,Apartamenty Matejki,"ul. Matejki, 87-300 Brodnica",10,komórka lokatorska,"5 000,00",2025/09/11,x,2025/09/11,x
TREND INWESTYCJE ,Spółka cywilna,x,5691893901,380581092,604527865,czai333@poczta.onet.pl,http://apartamenty-matejki.pl/,mazowieckie,mławski,Mława,Mława,Uniszki-Cegielnia,29,x,06-500,Apartamenty Matejki,"ul. Matejki, 87-300 Brodnica",11,komórka lokatorska,"5 000,00",2025/09/11,x,2025/09/11,x
TREND INWESTYCJE ,Spółka cywilna,x,5691893901,380581092,604527865,czai333@poczta.onet.pl,http://apartamenty-matejki.pl/,mazowieckie,mławski,Mława,Mława,Uniszki-Cegielnia,29,x,06-500,Apartamenty Matejki,"ul. Matejki, 87-300 Brodnica",12,komórka lokatorska,"5 000,00",2025/09/11,x,2025/09/11,x
TREND INWESTYCJE ,Spółka cywilna,x,5691893901,380581092,604527865,czai333@poczta.onet.pl,http://apartamenty-matejki.pl/,mazowieckie,mławski,Mława,Mława,Uniszki-Cegielnia,29,x,06-500,Apartamenty Matejki,"ul. Matejki, 87-300 Brodnica",13,komórka lokatorska,"5 000,00",2025/09/11,x,2025/09/11,x
TREND INWESTYCJE ,Spółka cywilna,x,5691893901,380581092,604527865,czai333@poczta.onet.pl,http://apartamenty-matejki.pl/,mazowieckie,mławski,Mława,Mława,Uniszki-Cegielnia,29,x,06-500,Apartamenty Matejki,"ul. Matejki, 87-300 Brodnica",14,komórka lokatorska,"5 000,00",2025/09/11,x,2025/09/11,x
TREND INWESTYCJE ,Spółka cywilna,x,5691893901,380581092,604527865,czai333@poczta.onet.pl,http://apartamenty-matejki.pl/,mazowieckie,mławski,Mława,Mława,Uniszki-Cegielnia,29,x,06-500,Apartamenty Matejki,"ul. Matejki, 87-300 Brodnica",15,komórka lokatorska,"5 000,00",2025/09/11,x,2025/09/11,x
TREND INWESTYCJE ,Spółka cywilna,x,5691893901,380581092,604527865,czai333@poczta.onet.pl,http://apartamenty-matejki.pl/,mazowieckie,mławski,Mława,Mława,Uniszki-Cegielnia,29,x,06-500,Apartamenty Matejki,"ul. Matejki, 87-300 Brodnica",16,komórka lokatorska,"5 000,00",2025/09/11,x,2025/09/11,x
TREND INWESTYCJE ,Spółka cywilna,x,5691893901,380581092,604527865,czai333@poczta.onet.pl,http://apartamenty-matejki.pl/,mazowieckie,mławski,Mława,Mława,Uniszki-Cegielnia,29,x,06-500,Apartamenty Matejki,"ul. Matejki, 87-300 Brodnica",17,komórka lokatorska,"5 000,00",2025/09/11,x,2025/09/11,x
TREND INWESTYCJE ,Spółka cywilna,x,5691893901,380581092,604527865,czai333@poczta.onet.pl,http://apartamenty-matejki.pl/,mazowieckie,mławski,Mława,Mława,Uniszki-Cegielnia,29,x,06-500,Apartamenty Matejki,"ul. Matejki, 87-300 Brodnica",18,komórka lokatorska,"5 000,00",2025/09/11,x,2025/09/11,x
TREND INWESTYCJE ,Spółka cywilna,x,5691893901,380581092,604527865,czai333@poczta.onet.pl,http://apartamenty-matejki.pl/,mazowieckie,mławski,Mława,Mława,Uniszki-Cegielnia,29,x,06-500,Apartamenty Matejki,"ul. Matejki, 87-300 Brodnica",19,komórka lokatorska,"5 000,00",2025/09/11,x,2025/09/11,x
TREND INWESTYCJE ,Spółka cywilna,x,5691893901,380581092,604527865,czai333@poczta.onet.pl,http://apartamenty-matejki.pl/,mazowieckie,mławski,Mława,Mława,Uniszki-Cegielnia,29,x,06-500,Apartamenty Matejki,"ul. Matejki, 87-300 Brodnica",20,komórka lokatorska,"5 000,00",2025/09/11,x,2025/09/11,x
TREND INWESTYCJE ,Spółka cywilna,x,5691893901,380581092,604527865,czai333@poczta.onet.pl,http://apartamenty-matejki.pl/,mazowieckie,mławski,Mława,Mława,Uniszki-Cegielnia,29,x,06-500,Apartamenty Matejki,"ul. Matejki, 87-300 Brodnica",21,komórka lokatorska,"5 000,00",2025/09/11,x,2025/09/11,x
TREND INWESTYCJE ,Spółka cywilna,x,5691893901,380581092,604527865,czai333@poczta.onet.pl,http://apartamenty-matejki.pl/,mazowieckie,mławski,Mława,Mława,Uniszki-Cegielnia,29,x,06-500,Apartamenty Matejki,"ul. Matejki, 87-300 Brodnica",22,komórka lokatorska,"5 000,00",2025/09/11,x,2025/09/11,x
TREND INWESTYCJE ,Spółka cywilna,x,5691893901,380581092,604527865,czai333@poczta.onet.pl,http://apartamenty-matejki.pl/,mazowieckie,mławski,Mława,Mława,Uniszki-Cegielnia,29,x,06-500,Apartamenty Matejki,"ul. Matejki, 87-300 Brodnica",23,komórka lokatorska,"5 000,00",2025/09/11,x,2025/09/11,x
TREND INWESTYCJE ,Spółka cywilna,x,5691893901,380581092,604527865,czai333@poczta.onet.pl,http://apartamenty-matejki.pl/,mazowieckie,mławski,Mława,Mława,Uniszki-Cegielnia,29,x,06-500,Apartamenty Matejki,"ul. Matejki, 87-300 Brodnica",24,komórka lokatorska,"5 000,00",2025/09/11,x,2025/09/11,x
TREND INWESTYCJE ,Spółka cywilna,x,5691893901,380581092,604527865,czai333@poczta.onet.pl,http://apartamenty-matejki.pl/,mazowieckie,mławski,Mława,Mława,Uniszki-Cegielnia,29,x,06-500,Apartamenty Matejki,"ul. Matejki, 87-300 Brodnica",25,komórka lokatorska,"5 000,00",2025/09/11,x,2025/09/11,x
TREND INWESTYCJE ,Spółka cywilna,x,5691893901,380581092,604527865,czai333@poczta.onet.pl,http://apartamenty-matejki.pl/,mazowieckie,mławski,Mława,Mława,Uniszki-Cegielnia,29,x,06-500,Apartamenty Matejki,"ul. Matejki, 87-300 Brodnica",26,komórka lokatorska,"5 000,00",2025/09/11,x,2025/09/11,x
TREND INWESTYCJE ,Spółka cywilna,x,5691893901,380581092,604527865,czai333@poczta.onet.pl,http://apartamenty-matejki.pl/,mazowieckie,mławski,Mława,Mława,Uniszki-Cegielnia,29,x,06-500,Apartamenty Matejki,"ul. Matejki, 87-300 Brodnica",27,komórka lokatorska,"5 000,00",2025/09/11,x,2025/09/11,x
TREND INWESTYCJE ,Spółka cywilna,x,5691893901,380581092,604527865,czai333@poczta.onet.pl,http://apartamenty-matejki.pl/,mazowieckie,mławski,Mława,Mława,Uniszki-Cegielnia,29,x,06-500,Apartamenty Matejki,"ul. Matejki, 87-300 Brodnica",28,komórka lokatorska,"5 000,00",2025/09/11,x,2025/09/11,x
TREND INWESTYCJE ,Spółka cywilna,x,5691893901,380581092,604527865,czai333@poczta.onet.pl,http://apartamenty-matejki.pl/,mazowieckie,mławski,Mława,Mława,Uniszki-Cegielnia,29,x,06-500,Apartamenty Matejki,"ul. Matejki, 87-300 Brodnica",29,komórka lokatorska,"5 000,00",2025/09/11,x,2025/09/11,x
TREND INWESTYCJE ,Spółka cywilna,x,5691893901,380581092,604527865,czai333@poczta.onet.pl,http://apartamenty-matejki.pl/,mazowieckie,mławski,Mława,Mława,Uniszki-Cegielnia,29,x,06-500,Apartamenty Matejki,"ul. Matejki, 87-300 Brodnica",30,komórka lokatorska,"5 000,00",2025/09/11,x,2025/09/11,x
TREND INWESTYCJE ,Spółka cywilna,x,5691893901,380581092,604527865,czai333@poczta.onet.pl,http://apartamenty-matejki.pl/,mazowieckie,mławski,Mława,Mława,Uniszki-Cegielnia,29,x,06-500,Apartamenty Matejki,"ul. Matejki, 87-300 Brodnica",31,komórka lokatorska,"5 000,00",2025/09/11,x,2025/09/11,x
TREND INWESTYCJE ,Spółka cywilna,x,5691893901,380581092,604527865,czai333@poczta.onet.pl,http://apartamenty-matejki.pl/,mazowieckie,mławski,Mława,Mława,Uniszki-Cegielnia,29,x,06-500,Apartamenty Matejki,"ul. Matejki, 87-300 Brodnica",32,komórka lokatorska,"5 000,00",2025/09/11,x,2025/09/11,x
TREND INWESTYCJE ,Spółka cywilna,x,5691893901,380581092,604527865,czai333@poczta.onet.pl,http://apartamenty-matejki.pl/,mazowieckie,mławski,Mława,Mława,Uniszki-Cegielnia,29,x,06-500,Apartamenty Matejki,"ul. Matejki, 87-300 Brodnica",33,komórka lokatorska,"5 000,00",2025/09/11,x,2025/09/11,x
TREND INWESTYCJE ,Spółka cywilna,x,5691893901,380581092,604527865,czai333@poczta.onet.pl,http://apartamenty-matejki.pl/,mazowieckie,mławski,Mława,Mława,Uniszki-Cegielnia,29,x,06-500,Apartamenty Matejki,"ul. Matejki, 87-300 Brodnica",34,komórka lokatorska,"5 000,00",2025/09/11,x,2025/09/11,x
TREND INWESTYCJE ,Spółka cywilna,x,5691893901,380581092,604527865,czai333@poczta.onet.pl,http://apartamenty-matejki.pl/,mazowieckie,mławski,Mława,Mława,Uniszki-Cegielnia,29,x,06-500,Apartamenty Matejki,"ul. Matejki, 87-300 Brodnica",35,komórka lokatorska,"5 000,00",2025/09/11,x,2025/09/11,x
TREND INWESTYCJE ,Spółka cywilna,x,5691893901,380581092,604527865,czai333@poczta.onet.pl,http://apartamenty-matejki.pl/,mazowieckie,mławski,Mława,Mława,Uniszki-Cegielnia,29,x,06-500,Apartamenty Matejki,"ul. Matejki, 87-300 Brodnica",36,komórka lokatorska,"5 000,00",2025/09/11,x,2025/09/11,x
TREND INWESTYCJE ,Spółka cywilna,x,5691893901,380581092,604527865,czai333@poczta.onet.pl,http://apartamenty-matejki.pl/,mazowieckie,mławski,Mława,Mława,Uniszki-Cegielnia,29,x,06-500,Apartamenty Matejki,"ul. Matejki, 87-300 Brodnica",37,komórka lokatorska,"5 000,00",2025/09/11,x,2025/09/11,x
TREND INWESTYCJE ,Spółka cywilna,x,5691893901,380581092,604527865,czai333@poczta.onet.pl,http://apartamenty-matejki.pl/,mazowieckie,mławski,Mława,Mława,Uniszki-Cegielnia,29,x,06-500,Apartamenty Matejki,"ul. Matejki, 87-300 Brodnica",38,komórka lokatorska,"5 000,00",2025/09/11,x,2025/09/11,x
TREND INWESTYCJE ,Spółka cywilna,x,5691893901,380581092,604527865,czai333@poczta.onet.pl,http://apartamenty-matejki.pl/,mazowieckie,mławski,Mława,Mława,Uniszki-Cegielnia,29,x,06-500,Apartamenty Matejki,"ul. Matejki, 87-300 Brodnica",1,lokal usługowy,"400 000,00",2025/09/11,x,2025/09/11,x
